Name,Age,#days,Lev,Tm,G,PA,AB,R,H,2B,3B,HR,RBI,BB,IBB,SO,HBP,SH,SF,GDP,SB,CS,BA,OBP,SLG,OPS,mlbID,AVG
CJ Abrams,24,245,Maj-NL,Washington,144,635,580,92,149,35,5,19,60,37,1,125,14,1,3,5,31,3,0.257,0.315,0.433,0.748,682928,0.257
Wilyer Abreu,26,241,Maj-AL,Boston,116,422,378,53,92,17,0,22,69,40,5,104,0,1,3,8,6,3,0.243,0.314,0.463,0.777,677800,0.243
Maximo Acosta,22,259,Maj-NL,Miami,19,61,54,7,11,1,0,3,5,6,0,17,1,0,0,0,1,2,0.204,0.295,0.389,0.684,691185,0.204
Luisangel Acu\xc3\xb1a,23,246,Maj-NL,New York,95,193,175,30,41,7,0,0,8,13,0,37,2,2,1,6,16,1,0.234,0.293,0.274,0.567,682668,0.234
Ronald Acu\xc3\xb1a Jr.,27,245,Maj-NL,Atlanta,95,412,338,74,98,12,1,21,42,71,4,102,3,0,0,5,9,1,0.29,0.417,0.518,0.935,660670,0.29
Willy Adames,29,245,Maj-NL,San Francisco,159,686,591,94,133,22,2,30,87,80,2,179,5,0,9,9,12,4,0.225,0.318,0.421,0.74,642715,0.225
Jordyn Adams,25,294,Maj-AL,Baltimore,10,5,5,1,0,0,0,0,0,0,0,2,0,0,0,0,0,0,0.0,0.0,0.0,0.0,677941,0.0
Riley Adams,29,245,Maj-NL,Washington,83,286,263,29,49,8,0,8,24,18,0,110,5,0,0,6,1,0,0.186,0.252,0.308,0.56,656180,0.186
Jo Adell,26,245,Maj-AL,Los Angeles,152,573,526,63,124,18,1,37,98,33,0,151,10,0,1,10,5,1,0.236,0.293,0.485,0.778,666176,0.236
Nick Ahmed,35,395,Maj-AL,Texas,5,10,9,1,0,0,0,0,0,1,0,3,0,0,0,1,1,0,0.0,0.1,0.0,0.1,605113,0.0
Ozzie Albies,28,251,Maj-NL,Atlanta,157,667,603,74,145,23,2,16,74,55,2,94,4,0,5,9,14,3,0.24,0.306,0.365,0.671,645277,0.24
Kevin Alc\xc3\xa1ntara,22,245,Maj-NL,Chicago,10,12,11,2,4,0,0,0,1,1,0,4,0,0,0,0,1,0,0.364,0.417,0.364,0.78,682634,0.364
Sergio Alc\xc3\xa1ntara,28,331,Maj-NL,San Francisco,1,4,4,0,0,0,0,0,0,0,0,2,0,0,0,0,0,0,0.0,0.0,0.0,0.0,642727,0.0
Blaze Alexander,26,246,Maj-NL,Arizona,74,266,230,31,53,12,1,7,28,22,0,86,10,3,1,5,4,6,0.23,0.323,0.383,0.706,677942,0.23
CJ Alexander,28,363,Maj-AL,Athletics,6,17,17,0,3,0,0,0,0,0,0,8,0,0,0,0,0,0,0.176,0.176,0.176,0.353,680769,0.176
Tyler Alexander,30,351,Maj-AL,Chicago,1,1,1,0,0,0,0,0,0,0,0,0,0,0,0,0,0,0,0.0,0.0,0.0,0.0,641302,0.0
Jorge Alfaro,32,246,Maj-NL,Washington,14,39,39,3,10,2,0,0,3,0,0,14,0,0,0,0,1,0,0.256,0.256,0.308,0.564,595751,0.256
Greg Allen,32,289,Maj-AL,Baltimore,7,14,14,1,0,0,0,0,0,0,0,5,0,0,0,2,0,1,0.0,0.0,0.0,0.0,656185,0.0
Nick Allen,26,245,Maj-NL,Atlanta,135,416,371,32,82,11,0,0,22,31,0,99,3,8,3,8,8,7,0.221,0.284,0.251,0.535,669397,0.221
Pete Alonso,30,245,Maj-NL,New York,162,709,624,87,170,41,1,38,126,61,5,162,15,0,9,23,1,2,0.272,0.347,0.524,0.871,624413,0.272
Jose Altuve,35,246,Maj-AL,Houston,155,654,588,80,156,24,1,26,77,55,5,109,4,1,6,20,10,6,0.265,0.329,0.442,0.771,514888,0.265
Francisco Alvarez,23,245,Maj-NL,New York,76,277,246,32,63,12,1,11,32,27,0,73,4,0,0,6,0,0,0.256,0.339,0.447,0.787,682626,0.256
Nacho Alvarez Jr.,22,245,Maj-NL,Atlanta,58,208,188,18,44,12,0,2,15,12,0,49,5,2,1,1,0,0,0.234,0.296,0.33,0.626,805373,0.234
Yordan Alvarez,28,258,Maj-AL,Houston,48,199,165,17,45,8,0,6,27,28,5,33,0,0,6,1,1,1,0.273,0.367,0.43,0.797,670541,0.273
Adael Amador,22,291,Maj-NL,Colorado,41,128,113,5,20,7,0,1,10,11,0,27,1,3,0,2,1,1,0.177,0.256,0.265,0.521,691182,0.177
Jacob Amaya,26,295,Maj-AL,Chicago,36,73,66,7,7,1,0,0,8,3,0,16,0,1,3,1,2,0,0.106,0.139,0.121,0.26,676070,0.106
Miguel Amaya,26,291,Maj-NL,Chicago,28,103,96,14,27,9,0,4,25,4,0,22,1,1,1,0,0,0,0.281,0.314,0.5,0.814,665804,0.281
Tim Anderson,32,371,Maj-AL,Los Angeles,31,90,83,8,17,3,0,0,3,3,0,29,3,1,0,1,1,1,0.205,0.258,0.241,0.499,641313,0.205
Miguel Andujar,30,243,"Maj-AL,Maj-NL","Athletics,Cincinnati",95,346,325,37,102,17,1,10,44,18,1,50,1,0,2,8,1,0,0.314,0.35,0.465,0.814,609280,0.314
Roman Anthony,21,271,Maj-AL,Boston,71,303,257,48,75,18,1,8,32,40,0,84,5,0,1,2,4,1,0.292,0.396,0.463,0.859,701350,0.292
Jonathan Aranda,27,245,Maj-AL,Tampa Bay,106,422,370,56,117,22,0,14,59,41,3,107,8,0,3,9,0,2,0.316,0.393,0.489,0.883,666018,0.316
Orlando Arcia,30,249,Maj-NL,"Atlanta,Colorado",76,214,203,13,41,7,1,3,13,10,0,47,0,0,1,4,0,1,0.202,0.238,0.291,0.529,606115,0.202
Nolan Arenado,34,246,Maj-NL,St. Louis,106,436,401,48,95,18,1,12,52,28,4,49,3,0,4,10,3,0,0.237,0.289,0.377,0.666,571448,0.237
Gabriel Arias,25,241,Maj-AL,Cleveland,132,481,442,44,97,25,2,11,55,27,1,165,7,1,4,9,8,4,0.219,0.273,0.36,0.633,672356,0.219
Randy Arozarena,30,223,Maj-AL,Seattle,172,765,661,105,155,33,1,28,78,68,2,210,31,0,5,10,36,6,0.234,0.332,0.415,0.747,668227,0.234
Luis Arraez,28,241,Maj-NL,San Diego,157,687,631,66,183,30,4,8,61,34,0,22,2,13,7,12,12,4,0.29,0.325,0.388,0.713,650333,0.29
Drew Avans,29,350,"Maj-AL,Maj-NL","Athletics,Milwaukee",8,18,17,1,2,0,0,0,1,0,0,6,0,0,1,0,1,0,0.118,0.111,0.118,0.229,682183,0.118
Jos\xc3\xa9 Az\xc3\xb3car,29,350,Maj-NL,"Atlanta,New York",14,21,19,5,5,0,0,0,1,2,0,1,0,0,0,0,1,0,0.263,0.333,0.263,0.596,640492,0.263
Akil Baddoo,26,373,Maj-AL,Detroit,7,18,17,0,2,1,0,0,1,1,0,5,0,0,0,0,1,0,0.118,0.167,0.176,0.343,668731,0.118
Harrison Bader,31,234,"Maj-AL,Maj-NL","Minnesota,Philadelphia",149,505,450,61,125,24,1,17,55,39,0,137,12,0,4,5,11,7,0.278,0.349,0.449,0.797,664056,0.278
Jihwan Bae,25,259,Maj-NL,Pittsburgh,13,25,20,4,1,0,0,0,0,5,0,9,0,0,0,0,4,1,0.05,0.24,0.05,0.29,678225,0.05
Javier B\xc3\xa1ez,32,233,Maj-AL,Detroit,134,470,449,58,117,19,3,13,62,11,0,112,6,0,3,8,6,1,0.261,0.286,0.403,0.689,595879,0.261
Patrick Bailey,26,245,Maj-NL,San Francisco,135,452,409,47,91,18,3,6,55,30,0,133,3,4,6,7,1,0,0.222,0.277,0.325,0.602,672275,0.222
Luken Baker,28,389,Maj-NL,St. Louis,19,41,34,3,8,3,0,0,2,7,0,10,0,0,0,3,0,0,0.235,0.366,0.324,0.689,663609,0.235
Brooks Baldwin,24,245,Maj-AL,Chicago,103,328,300,32,72,15,1,11,38,21,0,86,1,4,2,9,5,0,0.24,0.29,0.407,0.697,681460,0.24
Drake Baldwin,24,245,Maj-NL,Atlanta,124,446,405,56,111,18,2,19,80,38,0,68,3,0,0,9,0,0,0.274,0.341,0.469,0.81,686948,0.274
Mois\xc3\xa9s Ballesteros,21,232,Maj-NL,Chicago,23,69,60,12,17,2,1,2,11,9,1,13,0,0,0,2,0,0,0.283,0.377,0.45,0.827,694208,0.283
Will Banfield,25,270,Maj-NL,Cincinnati,7,10,10,0,1,0,0,0,0,0,0,6,0,0,0,1,0,0,0.1,0.1,0.1,0.2,677943,0.1
David Ba\xc3\xb1uelos,28,322,Maj-AL,Baltimore,1,2,1,0,0,0,0,0,0,0,0,1,1,0,0,0,0,0,0.0,0.5,0.0,0.5,675915,0.0
Addison Barger,25,211,Maj-AL,Toronto,152,570,520,69,134,36,1,24,83,44,4,133,3,0,2,8,4,1,0.258,0.318,0.469,0.787,680718,0.258
Austin Barnes,35,386,Maj-NL,Los Angeles,13,44,42,4,9,3,0,0,2,1,0,14,0,1,0,1,0,0,0.214,0.233,0.286,0.518,605131,0.214
Tucker Barnhart,34,366,Maj-AL,Texas,8,15,13,0,3,0,0,0,0,1,0,4,1,0,0,2,0,0,0.231,0.333,0.231,0.564,571466,0.231
Jose Barrero,27,343,Maj-NL,St. Louis,22,31,29,4,4,1,0,1,3,1,0,9,1,0,0,0,0,0,0.138,0.194,0.276,0.469,676480,0.138
Jorge Barrosa,24,245,Maj-NL,Arizona,33,77,71,8,10,3,0,1,7,2,0,22,1,0,3,1,0,0,0.141,0.169,0.225,0.394,678489,0.141
Joey Bart,28,245,Maj-NL,Pittsburgh,93,332,285,21,71,12,1,4,30,40,0,93,7,0,0,14,1,1,0.249,0.355,0.34,0.696,663698,0.249
Samuel Basallo,20,246,Maj-AL,Baltimore,31,118,109,10,18,6,0,4,15,6,0,30,3,0,0,4,0,0,0.165,0.229,0.33,0.559,694212,0.165
Brett Baty,25,247,Maj-NL,New York,129,432,393,53,100,13,2,18,50,33,0,108,2,0,3,6,8,0,0.254,0.313,0.435,0.748,683146,0.254
Jake Bauers,29,226,Maj-NL,Milwaukee,91,232,196,29,47,10,0,8,31,33,1,62,2,0,1,1,9,1,0.24,0.353,0.413,0.767,641343,0.24
Dylan Beavers,23,245,Maj-AL,Baltimore,35,137,110,16,25,5,1,4,14,26,0,36,0,1,0,0,2,2,0.227,0.375,0.4,0.775,687637,0.227
Jordan Beck,24,245,Maj-NL,Colorado,148,588,539,62,139,27,5,16,53,43,0,174,4,0,1,9,19,8,0.258,0.317,0.416,0.732,687597,0.258
Josh Bell,32,245,Maj-NL,Washington,140,533,468,54,111,16,1,22,63,57,1,88,5,0,3,15,0,3,0.237,0.325,0.417,0.741,605137,0.237
Cody Bellinger,29,235,Maj-AL,New York,159,687,616,93,166,27,5,30,102,59,2,95,2,0,10,8,13,2,0.269,0.33,0.476,0.806,641355,0.269
Andrew Benintendi,30,252,Maj-AL,Chicago,116,470,420,57,101,16,2,20,63,40,2,82,3,0,6,5,1,0,0.24,0.307,0.431,0.738,643217,0.24
Will Benson,27,242,Maj-NL,Cincinnati,91,255,231,31,52,8,2,12,41,17,1,68,1,0,6,4,2,2,0.225,0.275,0.433,0.707,666181,0.225
Warming Bernabel,23,245,Maj-NL,Colorado,40,146,139,15,35,8,1,4,14,7,0,25,0,0,0,2,1,1,0.252,0.288,0.41,0.698,682653,0.252
Steward Berroa,26,288,Maj-NL,Milwaukee,2,6,5,0,0,0,0,0,0,1,0,2,0,0,0,0,1,0,0.0,0.167,0.0,0.167,672642,0.0
Jon Berti,35,294,Maj-NL,Chicago,51,107,100,12,21,2,0,0,2,5,0,22,2,0,0,1,11,3,0.21,0.262,0.23,0.492,542932,0.21
Mookie Betts,32,211,Maj-NL,Los Angeles,167,744,659,99,168,27,3,20,90,71,3,77,4,0,10,17,8,2,0.255,0.327,0.396,0.723,605141,0.255
Bo Bichette,27,211,Maj-AL,Toronto,146,655,605,80,189,44,1,19,100,44,2,95,3,0,3,18,4,3,0.312,0.36,0.483,0.843,666182,0.312
Cavan Biggio,30,371,Maj-AL,Kansas City,37,83,69,9,12,2,0,1,4,11,0,21,1,2,0,0,1,0,0.174,0.296,0.246,0.543,624415,0.174
Tyler Black,24,287,Maj-NL,Milwaukee,5,13,8,1,2,1,0,0,1,5,0,1,0,0,0,0,0,1,0.25,0.538,0.375,0.913,672012,0.25
Dairon Blanco,32,364,Maj-AL,Kansas City,9,8,6,2,1,1,0,0,1,0,0,2,0,2,0,0,3,2,0.167,0.167,0.333,0.5,680118,0.167
JJ Bleday,27,245,Maj-AL,Athletics,98,344,307,48,65,17,0,14,39,36,2,91,0,0,1,6,1,2,0.212,0.294,0.404,0.698,668709,0.212
Ryan Bliss,25,418,Maj-AL,Seattle,11,39,35,1,7,1,0,1,3,4,0,11,0,0,0,2,2,2,0.2,0.282,0.314,0.596,669208,0.2
Xander Bogaerts,32,241,Maj-NL,San Diego,139,564,503,63,133,31,0,11,54,48,3,97,4,1,8,12,21,2,0.264,0.329,0.392,0.72,593428,0.264
Alec Bohm,28,234,Maj-NL,Philadelphia,124,522,476,56,137,18,3,11,59,35,2,83,5,0,6,16,2,0,0.288,0.339,0.408,0.747,664761,0.288
Sean Bouchard,29,358,Maj-NL,Colorado,32,73,66,7,11,0,1,1,7,7,0,27,0,0,0,2,1,1,0.167,0.247,0.242,0.489,656248,0.167
Rob Brantly,35,406,Maj-NL,Miami,3,7,7,0,3,0,0,0,1,0,0,1,0,0,0,0,0,0,0.429,0.429,0.429,0.857,542963,0.429
Alex Bregman,31,241,Maj-AL,Boston,117,508,443,64,121,29,0,18,63,54,3,72,9,0,2,13,1,1,0.273,0.362,0.46,0.823,608324,0.273
Will Brennan,27,377,Maj-AL,Cleveland,6,13,11,0,1,0,0,0,0,1,0,1,1,0,0,1,0,1,0.091,0.231,0.091,0.322,686823,0.091
Jonah Bride,29,336,"Maj-AL,Maj-NL","Miami,Minnesota",45,125,112,7,19,2,0,0,5,11,1,39,1,0,1,1,0,0,0.17,0.248,0.188,0.436,681146,0.17
Trenton Brooks,29,310,Maj-NL,San Diego,25,43,41,5,6,2,0,1,2,2,0,13,0,0,0,2,0,0,0.146,0.186,0.268,0.454,670092,0.146
Seth Brown,32,354,Maj-AL,Athletics,38,76,65,6,12,2,0,1,3,9,0,23,2,0,0,2,1,0,0.185,0.303,0.262,0.564,664913,0.185
Vidal Bruj\xc3\xa1n,27,252,"Maj-AL,Maj-NL","Atlanta,Baltimore,Chicago",60,95,87,14,22,5,0,0,8,6,0,21,1,0,1,1,2,1,0.253,0.305,0.31,0.616,660644,0.253
Kris Bryant,33,414,Maj-NL,Colorado,11,41,39,2,6,2,0,0,1,2,0,13,0,0,0,1,0,0,0.154,0.195,0.205,0.4,592178,0.154
Jake Burger,29,245,Maj-AL,Texas,103,376,356,43,84,15,1,16,53,12,0,93,5,0,3,3,1,1,0.236,0.269,0.419,0.687,669394,0.236
Alec Burleson,26,246,Maj-NL,St. Louis,139,546,497,54,144,26,2,18,69,39,1,79,3,1,4,14,5,1,0.29,0.343,0.459,0.801,676475,0.29
Michael Busch,27,232,Maj-NL,Chicago,163,623,551,82,145,25,5,38,94,59,3,143,11,0,2,3,4,0,0.263,0.345,0.534,0.879,683737,0.263
Lawrence Butler,24,246,Maj-AL,Athletics,152,630,569,83,133,30,2,21,63,59,0,179,0,2,0,7,22,7,0.234,0.306,0.404,0.71,671732,0.234
Byron Buxton,31,246,Maj-AL,Minnesota,126,542,488,97,129,21,7,35,83,41,5,148,7,0,6,0,24,0,0.264,0.327,0.551,0.878,621439,0.264
Jos\xc3\xa9 Caballero,28,236,Maj-AL,"New York,Tampa Bay",129,375,318,52,75,18,1,5,36,47,0,99,4,4,2,1,49,11,0.236,0.34,0.346,0.686,676609,0.236
Oswaldo Cabrera,26,384,Maj-AL,New York,34,122,107,17,26,4,0,1,11,11,0,25,2,1,1,1,0,1,0.243,0.322,0.308,0.631,665828,0.243
Jac Caglianone,22,245,Maj-AL,Kansas City,62,232,210,19,33,6,1,7,18,18,0,52,4,0,0,4,1,0,0.157,0.237,0.295,0.532,695506,0.157
Owen Caissie,22,260,Maj-NL,Chicago,12,27,26,4,5,1,0,1,4,1,0,11,0,0,0,0,0,0,0.192,0.222,0.346,0.568,683357,0.192
Alex Call,30,214,Maj-NL,"Los Angeles,Washington",117,337,281,44,76,13,2,5,31,39,0,57,7,6,4,6,2,1,0.27,0.369,0.384,0.753,669743,0.27
Tyler Callihan,25,391,Maj-NL,Cincinnati,4,6,6,0,1,0,0,0,1,0,0,1,0,0,0,0,0,0,0.167,0.167,0.167,0.333,682997,0.167
Daz Cameron,28,342,Maj-NL,Milwaukee,21,42,41,7,8,1,0,1,3,1,0,13,0,0,0,1,1,0,0.195,0.214,0.293,0.507,663662,0.195
Junior Caminero,21,245,Maj-AL,Tampa Bay,154,653,602,93,159,28,0,45,110,41,1,125,3,0,7,31,7,1,0.264,0.311,0.535,0.846,691406,0.264
Kristian Campbell,23,347,Maj-AL,Boston,67,263,229,24,51,10,0,6,21,29,0,72,4,0,1,1,2,1,0.223,0.319,0.345,0.664,692225,0.223
Gustavo Campero,27,293,Maj-AL,Los Angeles,28,66,58,9,10,1,0,3,8,5,0,14,3,0,0,2,4,1,0.172,0.273,0.345,0.618,672569,0.172
Luis Campusano,26,322,Maj-NL,San Diego,10,27,21,0,0,0,0,0,0,6,0,11,0,0,0,2,0,0,0.0,0.222,0.0,0.222,669134,0.0
Alexander Canario,25,245,Maj-NL,Pittsburgh,87,234,216,25,47,6,1,6,20,17,0,80,0,0,1,5,3,1,0.218,0.274,0.338,0.611,672744,0.218
Jeimer Candelario,31,399,Maj-NL,Cincinnati,22,91,80,3,9,2,0,2,10,9,0,29,0,0,2,1,0,1,0.113,0.198,0.213,0.41,600869,0.113
Mark Canha,36,328,Maj-AL,Kansas City,46,125,113,9,24,3,0,1,6,7,0,24,3,0,2,1,0,1,0.212,0.272,0.265,0.537,592192,0.212
Dominic Canzone,27,223,Maj-AL,Seattle,92,298,272,31,76,11,0,11,33,21,0,69,3,0,2,7,3,1,0.279,0.336,0.441,0.777,686527,0.279
Vinny Capra,28,333,"Maj-AL,Maj-NL","Chicago,Milwaukee",47,105,96,10,12,2,0,1,6,3,0,25,1,3,2,5,2,0,0.125,0.157,0.177,0.334,681962,0.125
Victor Caratini,31,245,Maj-AL,Houston,114,386,344,35,89,14,0,12,46,23,0,65,13,0,6,8,1,0,0.259,0.324,0.404,0.728,605170,0.259
Dylan Carlson,26,247,Maj-AL,Baltimore,83,241,217,17,44,9,1,6,20,21,0,54,2,0,1,3,3,3,0.203,0.278,0.336,0.614,666185,0.203
Kerry Carpenter,27,233,Maj-AL,Detroit,138,503,465,70,118,19,5,28,68,25,2,117,7,0,2,3,1,1,0.254,0.301,0.497,0.797,681481,0.254
Corbin Carroll,24,247,Maj-NL,Arizona,143,642,564,107,146,32,17,31,84,67,4,153,7,0,4,6,32,6,0.259,0.343,0.541,0.883,682998,0.259
Evan Carter,22,283,Maj-AL,Texas,63,220,194,31,48,9,2,5,25,19,1,41,7,0,0,2,14,2,0.247,0.336,0.392,0.728,694497,0.247
Triston Casas,25,394,Maj-AL,Boston,29,112,99,5,18,3,0,3,11,11,2,27,2,0,0,3,0,0,0.182,0.277,0.303,0.58,671213,0.182
Nick Castellanos,33,234,Maj-NL,Philadelphia,151,604,562,73,139,29,2,17,75,32,0,136,4,0,6,14,4,0,0.247,0.29,0.397,0.687,592206,0.247
Willi Castro,28,245,"Maj-AL,Maj-NL","Chicago,Minnesota",120,454,402,58,91,17,3,11,33,40,1,111,11,1,0,12,10,4,0.226,0.313,0.366,0.679,650489,0.226
Andr\xc3\xa9s Chaparro,26,245,Maj-NL,Washington,34,73,66,4,12,2,0,1,5,5,0,22,1,0,1,0,0,0,0.182,0.247,0.258,0.504,665953,0.182
Matt Chapman,32,245,Maj-NL,San Francisco,127,535,454,76,105,23,2,21,61,71,1,126,6,0,4,8,9,4,0.231,0.34,0.43,0.77,656305,0.231
Tsung-Che Cheng,23,413,Maj-NL,Pittsburgh,3,7,7,0,0,0,0,0,0,0,0,3,0,0,0,0,0,1,0.0,0.0,0.0,0.0,691907,0.0
Jazz Chisholm Jr.,27,235,Maj-AL,New York,137,556,484,78,116,15,1,32,81,61,1,153,6,1,4,4,31,8,0.24,0.33,0.473,0.803,665862,0.24
Jackson Chourio,21,226,Maj-NL,Milwaukee,140,624,582,91,158,38,4,23,86,31,1,130,3,1,7,14,21,7,0.271,0.308,0.469,0.777,694192,0.271
Nathan Church,24,245,Maj-NL,St. Louis,27,65,56,9,10,1,0,1,8,3,0,18,3,2,1,0,1,0,0.179,0.254,0.25,0.504,701675,0.179
Denzel Clarke,25,315,Maj-AL,Athletics,47,159,148,18,34,8,2,3,8,6,0,61,3,2,0,1,6,0,0.23,0.274,0.372,0.646,672016,0.23
Jonatan Clase,23,335,Maj-AL,Toronto,34,112,100,10,21,3,0,2,9,10,0,28,1,1,0,1,3,1,0.21,0.288,0.3,0.588,682729,0.21
Kody Clemens,29,245,"Maj-AL,Maj-NL","Minnesota,Philadelphia",119,386,348,46,74,12,4,19,52,29,1,93,5,2,2,4,5,1,0.213,0.281,0.434,0.715,665019,0.213
Ernie Clement,29,211,Maj-AL,Toronto,175,665,618,96,181,41,3,10,59,28,1,66,5,7,7,14,7,5,0.293,0.325,0.417,0.743,676391,0.293
Zach Cole,24,245,Maj-AL,Houston,15,52,47,9,12,2,0,4,11,5,0,20,0,0,0,0,3,0,0.255,0.327,0.553,0.88,805904,0.255
Isaac Collins,27,226,Maj-NL,Milwaukee,136,451,381,57,98,22,3,9,54,58,0,100,6,3,3,8,16,7,0.257,0.362,0.402,0.763,686555,0.257
Michael Conforto,32,245,Maj-NL,Los Angeles,137,486,418,54,83,20,0,12,36,56,0,121,9,0,3,12,1,0,0.199,0.305,0.333,0.637,624424,0.199
Griffin Conine,27,246,Maj-NL,Miami,24,86,79,13,20,7,0,2,8,7,0,25,0,0,0,0,0,1,0.253,0.314,0.418,0.732,665052,0.253
William Contreras,27,226,Maj-NL,Milwaukee,159,696,600,94,155,29,0,19,79,87,4,127,3,0,6,16,6,4,0.258,0.352,0.402,0.754,661388,0.258
Willson Contreras,33,258,Maj-NL,St. Louis,135,563,490,70,126,31,1,20,80,44,1,142,23,1,4,15,5,1,0.257,0.344,0.447,0.791,575929,0.257
Billy Cook,26,345,Maj-NL,Pittsburgh,3,6,6,1,2,0,0,0,0,0,0,1,0,0,0,0,0,0,0.333,0.333,0.333,0.667,695257,0.333
Kenedy Corona,25,323,Maj-AL,Houston,3,4,2,0,0,0,0,0,0,2,0,1,0,0,0,0,0,0,0.0,0.5,0.0,0.5,685744,0.0
Carlos Correa,30,246,Maj-AL,"Houston,Minnesota",144,584,537,63,148,29,0,13,52,45,0,113,1,0,1,19,0,0,0.276,0.332,0.402,0.734,621043,0.276
Carlos Cortes,28,245,Maj-AL,Athletics,42,99,94,11,29,8,1,4,14,3,0,20,0,0,2,3,0,0,0.309,0.323,0.543,0.866,666126,0.309
Colton Cowser,25,245,Maj-AL,Baltimore,92,360,327,36,64,14,0,16,40,27,1,128,6,0,0,5,14,0,0.196,0.269,0.385,0.655,681297,0.196
J.P. Crawford,30,223,Maj-AL,Seattle,169,701,610,72,159,25,0,13,62,78,1,129,3,7,3,12,8,1,0.261,0.346,0.366,0.711,641487,0.261
Dylan Crews,23,245,Maj-NL,Washington,85,322,293,43,61,8,2,10,27,24,0,76,5,0,0,4,17,5,0.208,0.28,0.352,0.631,686611,0.208
Blaine Crim,28,245,"Maj-AL,Maj-NL","Colorado,Texas",20,74,65,10,13,2,0,5,12,6,0,28,1,0,2,0,0,0,0.2,0.27,0.462,0.732,688760,0.2
Jake Cronenworth,31,241,Maj-NL,San Diego,138,526,430,61,103,20,1,11,59,69,1,110,15,4,7,4,3,3,0.24,0.359,0.367,0.726,630105,0.24
Jimmy Crooks,23,245,Maj-NL,St. Louis,15,46,45,3,6,0,1,1,1,0,0,17,1,0,0,1,0,0,0.133,0.152,0.244,0.397,699625,0.133
Pete Crow-Armstrong,23,232,Maj-NL,Chicago,165,676,618,91,151,37,4,31,98,30,1,167,9,7,12,1,36,9,0.244,0.284,0.468,0.752,691718,0.244
Oneil Cruz,26,245,Maj-NL,Pittsburgh,135,544,471,62,94,18,3,20,61,64,4,174,4,0,5,6,38,5,0.2,0.298,0.378,0.676,665833,0.2
Travis d\'Arnaud,36,262,Maj-AL,Los Angeles,69,231,213,16,42,13,0,6,21,13,0,74,4,0,1,5,0,0,0.197,0.255,0.343,0.598,518595,0.197
Bobby Dalbec,30,394,Maj-AL,Chicago,7,21,18,2,4,1,0,0,1,3,0,6,0,0,0,1,0,0,0.222,0.333,0.278,0.611,666915,0.222
Logan Davidson,27,255,Maj-AL,"Athletics,Los Angeles",19,47,42,3,7,2,0,1,4,3,0,22,0,2,0,1,0,0,0.167,0.222,0.286,0.508,669722,0.167
Henry Davis,25,246,Maj-NL,Pittsburgh,87,283,252,25,42,7,0,7,22,18,0,76,5,3,3,2,2,1,0.167,0.234,0.278,0.512,680779,0.167
J.D. Davis,32,399,Maj-AL,Los Angeles,5,9,9,0,1,0,0,0,0,0,0,3,0,0,0,0,0,0,0.111,0.111,0.111,0.222,605204,0.111
Bryan De La Cruz,28,410,Maj-NL,Atlanta,16,50,47,1,9,1,0,0,0,3,0,18,0,0,0,1,1,0,0.191,0.24,0.213,0.453,650559,0.191
Elly De La Cruz,23,242,Maj-NL,Cincinnati,164,707,635,103,166,31,7,22,88,69,10,185,2,0,1,14,37,8,0.261,0.335,0.436,0.771,682829,0.261
Justin Dean,28,265,Maj-NL,Los Angeles,18,2,2,0,0,0,0,0,0,0,0,1,0,0,0,0,1,0,0.0,0.0,0.0,0.0,681909,0.0
Paul DeJong,31,247,Maj-NL,Washington,57,208,193,18,44,10,0,6,23,11,0,70,1,0,3,3,4,0,0.228,0.269,0.373,0.642,657557,0.228
Adrian Del Castillo,25,246,Maj-NL,Arizona,44,131,120,9,29,6,0,4,17,8,0,47,1,0,2,2,0,0,0.242,0.29,0.392,0.682,680728,0.242
Chase DeLauter,23,241,Maj-AL,Cleveland,2,7,6,0,1,0,0,0,0,1,0,1,0,0,0,1,0,0,0.167,0.286,0.167,0.452,800050,0.167
Jonny DeLuca,26,298,Maj-AL,Tampa Bay,20,59,57,5,19,1,3,0,4,2,0,13,0,0,0,0,6,0,0.333,0.356,0.456,0.812,676356,0.333
Cam Devanney,28,245,Maj-NL,Pittsburgh,14,38,36,1,5,1,0,0,1,2,0,21,0,0,0,1,0,1,0.139,0.184,0.167,0.351,687478,0.139
Rafael Devers,28,245,"Maj-AL,Maj-NL","Boston,San Francisco",163,729,607,99,153,33,0,35,109,112,10,192,6,0,4,16,1,1,0.252,0.372,0.479,0.851,646240,0.252
Zach Dezenzo,25,365,Maj-AL,Houston,34,109,98,17,24,6,0,2,10,11,0,37,0,0,0,2,1,0,0.245,0.321,0.367,0.688,701305,0.245
Elias D\xc3\xadaz,34,246,Maj-NL,San Diego,106,283,255,34,52,7,0,9,29,21,0,74,2,5,0,11,0,0,0.204,0.27,0.337,0.607,553869,0.204
Yainer Diaz,26,245,Maj-AL,Houston,143,567,542,56,139,25,1,20,70,20,2,95,2,0,3,13,1,1,0.256,0.284,0.417,0.701,673237,0.256
Yandy D\xc3\xadaz,33,246,Maj-AL,Tampa Bay,150,651,583,79,175,29,1,25,83,57,4,92,6,0,5,12,3,1,0.3,0.366,0.482,0.848,650490,0.3
Dillon Dingler,26,233,Maj-AL,Detroit,133,505,465,57,126,23,2,14,59,28,2,120,10,0,1,5,0,0,0.271,0.325,0.419,0.745,693307,0.271
Jasson Dom\xc3\xadnguez,22,235,Maj-AL,New York,124,430,382,59,99,19,1,10,47,41,1,115,3,0,4,5,23,5,0.259,0.333,0.393,0.725,691176,0.259
Brendan Donovan,28,249,Maj-NL,St. Louis,118,515,460,64,132,32,0,10,50,42,3,67,7,2,4,4,3,3,0.287,0.353,0.422,0.775,680977,0.287
Brenton Doyle,27,245,Maj-NL,Colorado,138,538,502,57,117,23,2,15,57,30,0,138,0,2,4,14,18,2,0.233,0.274,0.376,0.651,686668,0.233
Mauricio Dub\xc3\xb3n,30,245,Maj-AL,Houston,133,398,369,43,89,21,0,7,33,24,0,42,1,3,1,12,3,0,0.241,0.289,0.355,0.644,643289,0.241
Blake Dunn,26,388,Maj-NL,Cincinnati,30,75,60,10,9,2,0,1,7,8,0,25,7,0,0,1,1,1,0.15,0.32,0.233,0.553,694362,0.15
Oliver Dunn,27,410,Maj-NL,Milwaukee,14,41,36,4,6,2,0,0,6,2,0,11,0,2,1,0,1,0,0.167,0.205,0.222,0.427,686554,0.167
Ezequiel Duran,26,245,Maj-AL,Texas,90,219,205,16,46,14,0,0,14,8,0,55,4,1,1,3,11,2,0.224,0.266,0.293,0.559,677649,0.224
Jarren Duran,28,241,Maj-AL,Boston,160,708,631,87,160,41,13,16,84,60,1,173,13,1,3,6,24,6,0.254,0.33,0.436,0.765,680776,0.254
Caleb Durbin,25,226,Maj-NL,Milwaukee,145,539,474,63,122,27,1,11,55,33,0,58,25,3,4,11,21,7,0.257,0.336,0.388,0.724,702332,0.257
Nate Eaton,28,242,Maj-AL,Boston,43,96,86,16,26,5,0,1,4,7,0,20,1,1,1,2,9,2,0.302,0.358,0.395,0.753,681987,0.302
Tommy Edman,30,211,Maj-NL,Los Angeles,113,444,409,54,92,16,1,15,57,22,0,79,6,1,6,5,3,1,0.225,0.271,0.379,0.65,669242,0.225
Xavier Edwards,25,245,Maj-NL,Miami,139,619,561,75,159,20,5,3,43,49,2,88,3,3,3,6,27,7,0.283,0.343,0.353,0.695,669364,0.283
Bryce Eldridge,20,245,Maj-NL,San Francisco,10,37,28,1,3,2,0,0,4,7,0,13,1,0,1,0,0,0,0.107,0.297,0.179,0.476,805811,0.107
Tim Elko,26,271,Maj-AL,Chicago,23,72,67,6,9,1,0,4,8,5,0,30,0,0,0,1,1,0,0.134,0.194,0.328,0.523,671284,0.134
Jerar Encarnacion,27,246,Maj-NL,San Francisco,19,56,55,5,11,3,0,2,7,1,0,15,0,0,0,3,1,0,0.2,0.214,0.364,0.578,666464,0.2
Christian Encarnacion-Strand,25,327,Maj-NL,Cincinnati,36,137,130,13,27,4,0,6,19,3,0,32,2,0,2,1,0,2,0.208,0.234,0.377,0.61,687952,0.208
Tristin English,28,305,Maj-NL,Arizona,7,23,22,0,2,1,0,0,1,1,0,8,0,0,0,0,0,0,0.091,0.13,0.136,0.267,663536,0.091
J.C. Escarra,30,292,Maj-AL,New York,39,98,84,5,17,5,0,2,11,11,0,14,1,0,2,1,1,0,0.202,0.296,0.333,0.629,641555,0.202
Santiago Espinal,30,249,Maj-NL,Cincinnati,114,328,301,25,73,12,0,0,16,21,0,38,1,3,2,11,2,1,0.243,0.292,0.282,0.575,669289,0.243
Thairo Estrada,29,299,Maj-NL,Colorado,39,165,154,14,39,9,0,3,21,6,0,26,2,0,3,6,1,3,0.253,0.285,0.37,0.655,642731,0.253
Stuart Fairchild,29,327,Maj-NL,Atlanta,28,55,51,7,11,4,1,0,2,4,0,15,0,0,0,2,2,1,0.216,0.273,0.333,0.606,656413,0.216
Kyle Farmer,34,250,Maj-NL,Colorado,97,300,277,24,63,14,0,8,31,17,0,66,4,0,2,9,0,1,0.227,0.28,0.365,0.645,571657,0.227
Hunter Feduccia,28,245,"Maj-AL,Maj-NL","Los Angeles,Tampa Bay",38,105,88,5,13,5,0,0,8,15,0,29,0,0,2,0,1,0,0.148,0.267,0.205,0.471,676439,0.148
Freddy Fermin,30,241,"Maj-AL,Maj-NL","Kansas City,San Diego",112,358,330,32,84,15,0,5,26,19,1,66,2,7,0,5,1,2,0.255,0.299,0.345,0.645,666023,0.255
Jos\xc3\xa9 Ferm\xc3\xadn,26,245,Maj-NL,St. Louis,30,70,60,5,17,5,0,1,9,8,0,10,1,1,0,0,2,2,0.283,0.377,0.417,0.793,665877,0.283
Yanquiel Fern\xc3\xa1ndez,22,245,Maj-NL,Colorado,52,147,138,13,31,5,0,4,11,8,0,44,0,0,1,4,0,0,0.225,0.265,0.348,0.613,692585,0.225
Ryan Fitzgerald,31,245,Maj-AL,Minnesota,24,53,46,10,9,0,0,4,9,7,0,8,0,0,0,0,1,0,0.196,0.302,0.457,0.758,680837,0.196
Tyler Fitzgerald,27,282,Maj-NL,San Francisco,72,243,217,19,47,10,1,4,14,17,0,70,2,6,1,3,9,4,0.217,0.278,0.327,0.606,666149,0.217
Dominic Fletcher,27,245,Maj-AL,Chicago,12,34,32,5,7,5,0,1,2,2,0,2,0,0,0,1,1,0,0.219,0.265,0.469,0.733,666150,0.219
Rafael Flores,24,245,Maj-NL,Pittsburgh,7,17,15,0,3,2,0,0,0,2,0,7,0,0,0,0,0,0,0.2,0.294,0.333,0.627,804668,0.2
Wilmer Flores,33,245,Maj-NL,San Francisco,125,463,419,44,101,10,0,16,71,34,0,88,7,0,3,14,1,0,0.241,0.307,0.379,0.686,527038,0.241
Harry Ford,22,228,Maj-AL,Seattle,9,9,7,1,2,0,0,0,1,0,0,3,1,0,1,0,0,0,0.286,0.333,0.286,0.619,695670,0.286
Nick Fortes,28,246,"Maj-AL,Maj-NL","Miami,Tampa Bay",97,242,218,19,50,9,1,5,21,14,0,47,7,2,1,7,1,0,0.229,0.296,0.349,0.644,663743,0.229
Justin Foscue,26,315,Maj-AL,Texas,4,9,9,0,1,1,0,0,2,0,0,3,0,0,0,0,0,0,0.111,0.111,0.222,0.333,679822,0.111
Jake Fraley,30,264,Maj-NL,"Atlanta,Cincinnati",76,217,191,31,46,9,0,6,23,25,1,49,1,0,0,1,4,3,0.241,0.332,0.382,0.714,641584,0.241
Ty France,30,215,Maj-AL,"Minnesota,Toronto",140,494,448,50,115,25,0,7,53,22,1,84,21,0,3,11,1,0,0.257,0.32,0.359,0.679,664034,0.257
Adam Frazier,33,245,"Maj-AL,Maj-NL","Kansas City,Pittsburgh",134,459,419,43,112,20,0,7,44,26,2,81,8,1,5,8,8,6,0.267,0.319,0.365,0.684,624428,0.267
Alex Freeland,23,270,Maj-NL,Los Angeles,29,97,84,10,16,2,1,2,6,11,0,35,1,1,0,3,1,0,0.19,0.292,0.31,0.601,690976,0.19
Cody Freeman,24,245,Maj-AL,Texas,36,121,114,13,26,4,0,3,15,5,0,19,0,1,1,3,1,1,0.228,0.258,0.342,0.6,683227,0.228
Freddie Freeman,35,211,Maj-NL,Los Angeles,164,707,624,88,179,44,2,26,93,70,9,144,8,0,5,14,7,2,0.287,0.364,0.489,0.852,518692,0.287
Tyler Freeman,26,253,Maj-NL,Colorado,110,428,377,50,106,20,2,2,31,34,0,51,11,2,4,10,18,9,0.281,0.354,0.361,0.715,671289,0.281
Sal Frelick,25,226,Maj-NL,Milwaukee,151,628,559,78,157,21,3,12,64,49,0,85,7,3,6,5,20,6,0.281,0.343,0.394,0.737,686217,0.281
TJ Friedl,29,242,Maj-NL,Cincinnati,154,695,587,82,152,22,2,14,53,83,0,118,16,4,5,7,12,3,0.259,0.363,0.375,0.738,670770,0.259
David Fry,29,250,Maj-AL,Cleveland,66,157,146,16,25,4,0,8,23,9,0,58,2,0,0,3,1,0,0.171,0.229,0.363,0.592,681807,0.171
Braxton Fulford,26,247,Maj-NL,Colorado,38,120,108,11,23,5,2,1,16,7,0,36,2,0,3,1,1,0,0.213,0.267,0.324,0.591,690924,0.213
Adolis Garc\xc3\xada,32,245,Maj-AL,Texas,135,547,507,58,115,28,0,19,75,28,1,135,5,0,7,9,13,4,0.227,0.271,0.394,0.665,666969,0.227
Aramis Garcia,32,344,Maj-NL,Arizona,2,4,4,0,0,0,0,0,0,0,0,3,0,0,0,0,0,0,0.0,0.0,0.0,0.0,605244,0.0
Jhostynxon Garcia,22,276,Maj-AL,Boston,5,9,7,0,1,1,0,0,0,2,0,5,0,0,0,0,0,0,0.143,0.333,0.286,0.619,691373,0.143
Luis Garc\xc3\xada Jr.,25,245,Maj-NL,Washington,139,526,488,67,123,28,1,16,66,27,1,84,2,0,9,7,14,5,0.252,0.289,0.412,0.701,671277,0.252
Maikel Garcia,25,245,Maj-AL,Kansas City,160,666,595,81,170,39,5,16,74,62,0,84,1,3,5,14,22,9,0.286,0.351,0.449,0.8,672580,0.286
Mitch Garver,34,228,Maj-AL,Seattle,93,299,261,29,55,5,2,9,31,31,1,82,3,0,4,6,3,0,0.211,0.298,0.349,0.646,641598,0.211
Mickey Gasper,29,253,Maj-AL,Minnesota,45,110,95,15,15,1,0,2,11,10,0,20,3,1,1,1,2,0,0.158,0.257,0.232,0.488,681508,0.158
Zack Gelof,25,254,Maj-AL,Athletics,30,101,92,12,16,3,0,2,7,7,0,46,0,1,1,0,1,2,0.174,0.23,0.272,0.502,680869,0.174
Drew Gilbert,24,245,Maj-NL,San Francisco,39,109,100,12,19,5,1,3,13,7,0,20,1,0,1,2,1,1,0.19,0.248,0.35,0.598,687551,0.19
Andr\xc3\xa9s Gim\xc3\xa9nez,26,211,Maj-AL,Toronto,119,444,394,49,83,13,1,9,47,29,1,82,14,3,4,8,13,2,0.211,0.286,0.317,0.603,665926,0.211
Paul Goldschmidt,37,235,Maj-AL,New York,151,545,498,77,138,31,1,10,45,37,5,101,5,0,2,8,5,1,0.277,0.332,0.404,0.736,502671,0.277
Nick Gonzales,26,245,Maj-NL,Pittsburgh,96,408,381,39,99,18,3,5,30,21,0,73,2,0,4,12,0,2,0.26,0.299,0.362,0.661,693304,0.26
Oscar Gonz\xc3\xa1lez,27,389,Maj-NL,San Diego,21,61,59,2,13,1,0,0,4,2,0,13,0,0,0,1,0,1,0.22,0.246,0.237,0.483,660757,0.22
Romy Gonzalez,28,241,Maj-AL,Boston,99,350,324,47,97,23,3,9,53,18,1,84,3,0,5,8,6,5,0.299,0.337,0.472,0.809,663853,0.299
Hunter Goodman,25,245,Maj-NL,Colorado,144,579,540,73,150,28,5,31,91,33,0,152,4,0,2,16,1,2,0.278,0.323,0.52,0.843,696100,0.278
Nolan Gorman,25,245,Maj-NL,St. Louis,110,402,351,48,72,14,1,14,46,47,2,136,0,0,4,1,1,1,0.205,0.296,0.37,0.666,669357,0.205
Matt Gorski,27,380,Maj-NL,Pittsburgh,15,42,41,2,8,0,1,2,4,1,0,16,0,0,0,1,0,1,0.195,0.214,0.39,0.605,685301,0.195
Tristan Gray,29,245,Maj-AL,Tampa Bay,30,86,78,9,18,5,0,3,9,6,0,19,0,1,1,0,0,0,0.231,0.282,0.41,0.693,656484,0.231
Riley Greene,24,233,Maj-AL,Detroit,165,690,633,88,162,33,1,37,113,48,2,210,4,0,5,14,2,1,0.256,0.31,0.487,0.797,682985,0.256
Randal Grichuk,33,246,"Maj-AL,Maj-NL","Arizona,Kansas City",113,293,272,35,62,18,1,9,27,17,1,61,1,0,3,6,0,1,0.228,0.273,0.401,0.674,545341,0.228
Trent Grisham,28,235,Maj-AL,New York,150,613,523,91,120,11,1,34,74,85,0,147,4,0,1,7,4,2,0.229,0.341,0.449,0.79,663757,0.229
Vladimir Guerrero Jr.,26,211,Maj-AL,Toronto,174,769,662,114,201,39,0,31,99,95,14,101,7,0,5,19,6,3,0.304,0.394,0.503,0.897,665489,0.304
Luis Guillorme,30,336,Maj-AL,Houston,12,21,20,2,3,0,0,0,0,1,0,8,0,0,0,2,0,0,0.15,0.19,0.15,0.34,641645,0.15
Lourdes Gurriel Jr.,31,272,Maj-NL,Arizona,129,546,500,52,124,24,2,19,80,31,0,76,6,0,9,11,10,4,0.248,0.295,0.418,0.713,666971,0.248
Yuli Gurriel,41,399,Maj-NL,San Diego,16,40,36,2,4,1,0,0,3,4,0,8,0,0,0,0,0,0,0.111,0.2,0.139,0.339,493329,0.111
Denzer Guzman,21,245,Maj-AL,Los Angeles,13,43,42,4,8,1,0,2,3,1,0,22,0,0,0,0,0,0,0.19,0.209,0.357,0.566,694203,0.19
Eric Haase,32,308,Maj-NL,Milwaukee,30,77,70,11,16,3,0,2,9,4,0,31,2,1,0,1,0,0,0.229,0.289,0.357,0.647,606992,0.229
Sam Haggerty,31,288,Maj-AL,Texas,64,182,162,31,41,7,3,2,13,16,1,37,2,1,0,1,12,4,0.253,0.328,0.37,0.698,664059,0.253
Petey Halpin,23,245,Maj-AL,Cleveland,6,8,6,5,2,0,0,0,0,2,0,2,0,0,0,0,0,0,0.333,0.5,0.333,0.833,690984,0.333
David Hamilton,27,245,Maj-AL,Boston,91,194,177,27,35,4,1,6,19,13,0,47,1,3,0,3,22,6,0.198,0.257,0.333,0.59,666152,0.198
Garrett Hampson,30,267,Maj-NL,"Arizona,Cincinnati,St. Louis",62,91,77,19,11,2,0,0,1,11,0,29,0,3,0,2,3,1,0.143,0.25,0.169,0.419,641658,0.143
Maverick Handley,27,343,Maj-AL,Baltimore,16,47,41,2,3,0,0,0,3,2,0,18,1,2,1,0,0,0,0.073,0.133,0.073,0.207,668974,0.073
Ian Happ,30,232,Maj-NL,Chicago,158,696,599,90,141,33,0,25,83,89,2,164,2,1,5,9,6,3,0.235,0.334,0.416,0.75,664023,0.235
Bryce Harper,32,234,Maj-NL,Philadelphia,136,598,516,73,134,33,0,27,75,73,6,124,6,0,3,5,12,2,0.26,0.356,0.481,0.837,547180,0.26
Brett Harris,27,245,Maj-AL,Athletics,32,84,73,11,20,5,0,0,5,7,0,21,2,1,1,1,1,0,0.274,0.349,0.342,0.692,695391,0.274
Dustin Harris,25,260,Maj-AL,Texas,19,43,40,5,8,3,0,1,2,3,0,13,0,0,0,1,1,1,0.2,0.256,0.35,0.606,687957,0.2
Michael Harris II,24,245,Maj-NL,Atlanta,160,641,611,55,152,26,6,20,86,16,1,128,3,4,7,7,20,6,0.249,0.268,0.409,0.678,671739,0.249
Robert Hassell III,23,245,Maj-NL,Washington,70,206,197,22,44,9,0,3,18,8,0,62,1,0,0,4,4,0,0.223,0.257,0.315,0.572,690987,0.223
Ke\'Bryan Hayes,28,242,Maj-NL,"Cincinnati,Pittsburgh",154,576,533,50,124,16,3,5,49,36,1,111,5,1,1,12,12,3,0.233,0.287,0.302,0.589,663647,0.233
Austin Hays,29,242,Maj-NL,Cincinnati,105,424,387,63,102,16,5,15,64,30,2,108,1,0,6,9,7,0,0.264,0.314,0.447,0.761,669720,0.264
Austin Hedges,32,243,Maj-AL,Cleveland,68,183,156,13,25,3,0,5,10,20,0,44,1,4,2,2,1,2,0.16,0.257,0.276,0.533,595978,0.16
Jonah Heim,30,245,Maj-AL,Texas,124,433,395,38,84,14,0,11,43,32,0,88,1,1,4,10,3,0,0.213,0.271,0.332,0.602,641680,0.213
Tyler Heineman,34,216,Maj-AL,Toronto,62,177,152,25,43,8,1,3,20,12,0,32,6,5,2,1,2,0,0.283,0.355,0.408,0.763,623168,0.283
Michael Helman,29,245,Maj-AL,Texas,38,110,99,18,23,5,1,5,20,7,0,21,1,3,0,0,4,0,0.232,0.29,0.455,0.744,680737,0.232
Gunnar Henderson,24,245,Maj-AL,Baltimore,154,651,577,85,158,34,5,17,68,62,6,137,7,0,5,7,30,5,0.274,0.349,0.438,0.787,683002,0.274
Darell Hernaiz,23,245,Maj-AL,Athletics,51,197,173,17,40,5,1,2,16,17,0,24,0,2,5,2,3,4,0.231,0.292,0.306,0.599,687231,0.231
Enrique Hern\xc3\xa1ndez,33,211,Maj-NL,Los Angeles,109,325,296,39,63,12,0,11,42,22,0,92,0,1,6,7,0,0,0.213,0.262,0.365,0.627,571771,0.213
Heriberto Hern\xc3\xa1ndez,25,245,Maj-NL,Miami,87,294,256,40,68,12,1,10,45,31,0,77,3,0,4,6,1,1,0.266,0.347,0.438,0.784,681715,0.266
Teoscar Hern\xc3\xa1ndez,32,211,Maj-NL,Los Angeles,151,622,581,73,144,30,1,30,102,31,0,155,3,0,6,14,5,2,0.248,0.287,0.458,0.744,606192,0.248
Iv\xc3\xa1n Herrera,25,245,Maj-NL,St. Louis,107,452,388,54,110,13,0,19,66,43,1,84,15,0,4,20,8,2,0.284,0.373,0.464,0.837,671056,0.284
Jos\xc3\xa9 Herrera,28,285,Maj-NL,Arizona,57,204,166,21,31,6,0,2,17,23,0,47,1,11,3,2,0,0,0.187,0.285,0.259,0.544,645444,0.187
Jason Heyward,35,373,Maj-NL,San Diego,34,95,85,9,15,2,0,2,12,6,0,20,0,0,3,1,0,1,0.176,0.223,0.271,0.494,518792,0.176
Brewer Hicklen,29,388,Maj-AL,Detroit,1,4,3,2,2,0,0,0,0,1,0,1,0,0,0,0,1,0,0.667,0.75,0.667,1.417,676551,0.667
Liam Hicks,26,246,Maj-NL,Miami,119,390,332,37,82,13,1,6,45,43,0,56,9,3,3,5,2,0,0.247,0.346,0.346,0.693,689414,0.247
Kyle Higashioka,35,246,Maj-AL,Texas,94,327,303,33,73,14,1,11,47,20,0,72,2,0,2,5,3,1,0.241,0.291,0.403,0.693,543309,0.241
Derek Hill,29,245,"Maj-AL,Maj-NL","Chicago,Miami",57,149,134,19,29,6,0,3,11,9,0,48,3,3,0,3,7,0,0.216,0.281,0.328,0.609,656537,0.216
Sam Hilliard,31,336,Maj-NL,Colorado,20,61,51,8,10,3,1,2,3,10,0,23,0,0,0,1,2,1,0.196,0.328,0.412,0.74,656541,0.196
Rece Hinds,24,306,Maj-NL,Cincinnati,15,44,43,6,5,1,0,2,3,1,0,21,0,0,0,1,0,0,0.116,0.136,0.279,0.415,677956,0.116
Keston Hiura,28,352,Maj-NL,Colorado,8,21,18,3,4,1,0,0,1,0,0,7,3,0,0,0,0,0,0.222,0.333,0.278,0.611,669374,0.222
Nico Hoerner,28,232,Maj-NL,Chicago,164,682,630,93,191,30,4,8,63,39,1,51,8,0,5,5,30,7,0.303,0.349,0.402,0.751,663538,0.303
Jackson Holliday,21,245,Maj-AL,Baltimore,149,649,586,70,142,21,3,17,55,56,1,140,6,0,1,4,17,10,0.242,0.314,0.375,0.69,702616,0.242
Spencer Horwitz,27,245,Maj-NL,Pittsburgh,108,411,364,55,99,26,0,11,51,44,1,73,2,0,1,7,0,1,0.272,0.353,0.434,0.787,687462,0.272
Rhys Hoskins,32,249,Maj-NL,Milwaukee,90,328,279,30,66,12,1,12,43,38,2,91,5,0,6,6,2,1,0.237,0.332,0.416,0.748,656555,0.237
Brady House,22,245,Maj-NL,Washington,73,274,261,26,61,11,0,4,29,8,0,78,0,0,5,11,5,3,0.234,0.252,0.322,0.574,691781,0.234
Sam Huff,27,365,Maj-NL,San Francisco,20,58,53,5,11,1,0,2,4,4,0,25,0,0,1,2,0,0,0.208,0.259,0.34,0.598,669087,0.208
Cooper Hummel,30,301,Maj-AL,"Baltimore,Houston",37,105,88,10,15,0,0,3,7,14,0,31,2,1,0,1,1,0,0.17,0.298,0.273,0.571,669450,0.17
Jacob Hurtubise,27,388,Maj-NL,Cincinnati,12,15,12,3,1,0,0,0,0,1,0,6,2,0,0,0,0,0,0.083,0.267,0.083,0.35,674441,0.083
Andy Ib\xc3\xa1\xc3\xb1ez,32,236,Maj-AL,Detroit,92,194,177,24,43,8,0,4,22,12,0,26,4,0,1,6,4,1,0.243,0.304,0.356,0.66,628451,0.243
Jose Iglesias,35,241,Maj-NL,San Diego,114,345,308,29,70,11,0,3,36,24,0,56,7,4,2,7,5,1,0.227,0.296,0.292,0.588,578428,0.227
Jonathan India,28,245,Maj-AL,Kansas City,136,567,497,63,116,29,0,9,45,54,0,106,13,1,2,10,0,4,0.233,0.323,0.346,0.669,663697,0.233
Kyle Isbel,28,256,Maj-AL,Kansas City,135,409,368,42,94,16,4,4,33,23,0,74,2,13,3,7,4,5,0.255,0.301,0.353,0.654,664728,0.255
Alex Jackson,29,248,Maj-AL,Baltimore,36,100,91,17,20,8,0,5,8,5,0,37,4,0,0,2,0,0,0.22,0.29,0.473,0.763,656577,0.22
Jeremiah Jackson,25,246,Maj-AL,Baltimore,48,183,170,20,47,10,2,5,21,11,0,50,2,0,0,6,0,2,0.276,0.328,0.447,0.775,669236,0.276
Travis Jankowski,34,327,"Maj-AL,Maj-NL","Chicago,New York,Tampa Bay",25,50,45,8,11,2,0,0,2,3,0,12,0,1,1,0,2,0,0.244,0.286,0.289,0.575,608671,0.244
Danny Jansen,30,245,"Maj-AL,Maj-NL","Milwaukee,Tampa Bay",98,337,288,38,62,11,0,14,36,42,0,86,4,1,2,5,0,0,0.215,0.321,0.399,0.721,643376,0.215
Ryan Jeffers,28,245,Maj-AL,Minnesota,119,464,406,47,108,26,0,9,47,50,1,91,7,0,1,9,1,1,0.266,0.356,0.397,0.752,680777,0.266
Carter Jensen,21,245,Maj-AL,Kansas City,20,69,60,12,18,6,0,3,13,9,0,12,0,0,0,1,0,0,0.3,0.391,0.55,0.941,695600,0.3
Leo Jimenez,24,305,Maj-AL,Toronto,18,32,29,2,2,0,0,1,1,2,0,8,0,1,0,1,0,0,0.069,0.129,0.172,0.301,677870,0.069
Connor Joe,32,305,Maj-NL,"Cincinnati,San Diego",42,80,70,2,13,4,0,0,4,7,0,20,1,0,2,2,2,2,0.186,0.263,0.243,0.505,656582,0.186
Bryce Johnson,29,241,Maj-NL,San Diego,57,87,78,9,26,4,0,1,8,3,0,20,3,3,0,1,4,1,0.333,0.381,0.423,0.804,669369,0.333
Daniel Johnson,29,263,"Maj-AL,Maj-NL","Baltimore,San Francisco",30,57,53,13,10,3,0,1,1,4,0,13,0,0,0,0,2,1,0.189,0.246,0.302,0.548,669288,0.189
Troy Johnston,28,246,Maj-NL,Miami,44,121,112,12,31,2,1,4,13,8,0,26,1,0,0,1,2,2,0.277,0.331,0.42,0.75,687859,0.277
Greg Jones,27,410,Maj-AL,Chicago,3,2,2,0,0,0,0,0,0,0,0,2,0,0,0,0,1,0,0.0,0.0,0.0,0.0,675659,0.0
Jahmai Jones,27,235,Maj-AL,Detroit,76,154,131,23,38,12,1,7,24,20,1,33,3,0,0,3,2,0,0.29,0.396,0.557,0.953,663330,0.29
Nolan Jones,27,254,Maj-AL,Cleveland,136,403,355,34,75,14,2,5,34,39,1,113,5,1,3,6,8,3,0.211,0.296,0.304,0.6,666134,0.211
Aaron Judge,33,235,Maj-AL,New York,159,710,567,142,192,32,2,54,121,128,38,165,8,0,7,16,12,5,0.339,0.462,0.688,1.15,592450,0.339
Edouard Julien,26,247,Maj-AL,Minnesota,64,208,182,13,40,10,0,3,12,22,0,61,2,1,1,3,0,3,0.22,0.309,0.324,0.633,666397,0.22
Corey Julks,29,248,Maj-AL,Chicago,6,13,12,2,3,2,0,0,1,0,0,3,0,0,1,0,0,0,0.25,0.231,0.417,0.647,667452,0.25
Jace Jung,24,253,Maj-AL,Detroit,20,55,47,8,5,0,0,0,3,7,0,16,1,0,0,2,0,0,0.106,0.236,0.106,0.343,690291,0.106
Josh Jung,27,245,Maj-AL,Texas,131,511,482,53,121,23,1,14,61,27,0,129,2,0,0,10,3,1,0.251,0.294,0.39,0.684,673962,0.251
Connor Kaiser,28,245,Maj-NL,Arizona,11,19,18,1,2,1,0,0,2,1,0,5,0,0,0,1,0,0,0.111,0.158,0.167,0.325,663731,0.111
Kyle Karros,22,245,Maj-NL,Colorado,43,156,137,20,31,4,0,1,9,15,0,41,2,0,2,5,0,0,0.226,0.308,0.277,0.585,691720,0.226
Niko Kavadas,26,272,Maj-AL,Los Angeles,10,23,20,0,2,0,0,0,0,3,0,10,0,0,0,0,0,0,0.1,0.217,0.1,0.317,694359,0.1
CJ Kayfus,23,241,Maj-AL,Cleveland,47,145,129,16,28,10,1,4,19,12,0,38,2,1,1,0,4,0,0.217,0.292,0.403,0.695,692216,0.217
Luke Keaschall,22,250,Maj-AL,Minnesota,49,207,182,25,55,14,0,4,28,19,0,29,5,0,1,4,14,3,0.302,0.382,0.445,0.827,807712,0.302
DaShawn Keirsey Jr.,28,245,Maj-AL,Minnesota,74,88,84,11,9,0,0,2,6,2,0,33,1,1,0,1,10,3,0.107,0.138,0.179,0.317,680577,0.107
Colt Keith,23,233,Maj-AL,Detroit,142,485,429,65,107,22,2,13,45,49,1,107,3,0,4,8,1,2,0.249,0.328,0.401,0.729,690993,0.249
Jarred Kelenic,25,305,Maj-NL,Atlanta,24,65,60,7,10,2,0,2,2,5,0,23,0,0,0,1,0,1,0.167,0.231,0.3,0.531,672284,0.167
Carson Kelly,30,232,Maj-NL,Chicago,119,451,397,50,97,13,1,18,51,46,1,92,4,0,4,11,2,0,0.244,0.326,0.418,0.744,608348,0.244
Otto Kemp,25,237,Maj-NL,Philadelphia,63,220,199,26,46,11,0,8,28,12,0,69,7,0,2,4,2,2,0.231,0.295,0.407,0.702,805249,0.231
Buddy Kennedy,26,281,"Maj-AL,Maj-NL","Los Angeles,Philadelphia,Toronto",13,32,29,2,2,1,0,0,1,2,0,8,1,0,0,0,0,0,0.069,0.156,0.103,0.26,671083,0.069
Max Kepler,32,234,Maj-NL,Philadelphia,131,489,429,61,92,20,1,18,52,51,3,95,4,1,4,10,4,0,0.214,0.301,0.392,0.693,596146,0.214
Carter Kieboom,27,245,Maj-AL,Los Angeles,3,8,8,0,2,0,0,0,1,0,0,1,0,0,0,0,0,0,0.25,0.25,0.25,0.5,666198,0.25
Ha-Seong Kim,29,245,"Maj-AL,Maj-NL","Atlanta,Tampa Bay",48,191,171,19,40,4,0,5,17,16,0,39,2,0,2,2,6,2,0.234,0.304,0.345,0.649,673490,0.234
Hyeseong Kim,26,245,Maj-NL,Los Angeles,71,170,161,19,45,6,1,3,17,7,0,52,1,1,0,0,13,1,0.28,0.314,0.385,0.699,808975,0.28
Isiah Kiner-Falefa,30,211,"Maj-AL,Maj-NL","Pittsburgh,Toronto",151,499,468,49,119,23,2,2,42,18,0,81,5,7,1,9,16,4,0.254,0.289,0.325,0.613,643396,0.254
Scott Kingery,31,262,Maj-AL,Los Angeles,19,29,27,3,4,1,0,0,0,2,0,11,0,0,0,1,1,1,0.148,0.207,0.185,0.392,664068,0.148
Alejandro Kirk,26,211,Maj-AL,Toronto,148,589,522,56,145,20,0,20,89,57,3,72,3,0,7,18,1,0,0.278,0.348,0.431,0.779,672386,0.278
Heston Kjerstad,26,359,Maj-AL,Baltimore,54,167,156,16,30,5,2,4,19,6,0,45,4,0,1,9,1,0,0.192,0.24,0.327,0.566,677008,0.192
Andrew Knizner,30,246,Maj-NL,San Francisco,33,88,77,12,17,1,1,1,5,7,0,10,2,1,1,0,0,0,0.221,0.299,0.299,0.598,668800,0.221
Christian Koss,27,245,Maj-NL,San Francisco,74,191,174,25,46,9,0,3,23,9,0,45,3,3,2,4,4,1,0.264,0.309,0.368,0.676,683766,0.264
Ryan Kreidler,27,406,Maj-AL,Detroit,17,44,38,5,4,0,0,0,0,4,0,19,0,2,0,0,2,0,0.105,0.19,0.105,0.296,668952,0.105
Nick Kurtz,22,245,Maj-AL,Athletics,117,489,420,90,122,26,2,36,86,63,3,151,2,0,3,4,2,1,0.29,0.383,0.619,1.002,701762,0.29
Steven Kwan,27,241,Maj-AL,Cleveland,159,705,637,83,172,31,1,11,56,55,2,60,3,3,7,3,21,5,0.27,0.328,0.374,0.701,680757,0.27
Shea Langeliers,27,246,Maj-AL,Athletics,123,523,481,73,133,32,0,31,72,36,1,103,1,0,5,10,7,1,0.277,0.325,0.536,0.861,669127,0.277
Wyatt Langford,23,250,Maj-AL,Texas,134,573,489,73,118,25,1,22,62,74,3,151,5,0,5,9,22,6,0.241,0.344,0.431,0.775,694671,0.241
Trevor Larnach,28,245,Maj-AL,Minnesota,142,567,503,62,126,24,1,17,60,53,2,122,4,0,6,19,4,4,0.25,0.323,0.404,0.727,663616,0.25
Ram\xc3\xb3n Laureano,30,249,"Maj-AL,Maj-NL","Baltimore,San Diego",132,488,441,72,124,26,2,24,76,35,1,119,8,0,4,10,7,4,0.281,0.342,0.512,0.855,657656,0.281
Jordan Lawlar,22,245,Maj-NL,Arizona,27,74,66,9,12,7,0,0,5,6,0,26,1,0,1,0,2,0,0.182,0.257,0.288,0.545,691783,0.182
Brooks Lee,24,245,Maj-AL,Minnesota,139,527,487,50,115,15,1,16,64,31,0,92,4,0,5,11,3,1,0.236,0.285,0.37,0.654,686797,0.236
Jung Hoo Lee,26,245,Maj-NL,San Francisco,150,617,560,73,149,31,12,8,55,47,0,71,6,0,4,2,10,3,0.266,0.327,0.407,0.735,808982,0.266
Korey Lee,26,246,Maj-AL,Chicago,25,40,35,10,9,3,0,1,3,4,0,7,0,1,0,1,0,0,0.257,0.333,0.429,0.762,686676,0.257
Jack Leiter,25,335,Maj-AL,Texas,1,1,1,0,0,0,0,0,0,0,0,1,0,0,0,0,0,0,0.0,0.0,0.0,0.0,683004,0.0
DJ LeMahieu,36,329,Maj-AL,New York,45,142,128,13,34,3,0,2,12,14,0,35,0,0,0,4,0,0,0.266,0.338,0.336,0.674,518934,0.266
Sandy Le\xc3\xb3n,36,253,Maj-NL,Atlanta,5,12,12,1,1,0,0,1,3,0,0,4,0,0,0,0,0,0,0.083,0.083,0.333,0.417,506702,0.083
Royce Lewis,26,245,Maj-AL,Minnesota,106,403,376,36,89,18,0,13,52,25,0,80,0,0,2,7,12,2,0.237,0.283,0.388,0.671,668904,0.237
Daylen Lile,22,245,Maj-NL,Washington,91,351,321,51,96,15,11,9,41,21,0,56,4,1,3,5,8,6,0.299,0.347,0.498,0.845,695734,0.299
Francisco Lindor,31,245,Maj-NL,New York,160,732,644,117,172,35,0,31,86,65,2,131,16,0,7,9,31,6,0.267,0.346,0.466,0.811,596019,0.267
Trey Lipscomb,25,403,Maj-NL,Washington,3,4,4,1,2,0,0,0,0,0,0,1,0,0,0,0,0,0,0.5,0.5,0.5,1.0,702358,0.5
Tyler Locklear,24,266,Maj-NL,Arizona,31,116,103,11,18,0,0,3,6,10,0,43,3,0,0,3,3,1,0.175,0.267,0.262,0.529,682988,0.175
Brandon Lockridge,28,235,Maj-NL,"Milwaukee,San Diego",68,150,136,17,31,7,1,0,11,8,0,37,1,3,2,2,10,1,0.228,0.272,0.294,0.566,663604,0.228
Nick Loftin,26,262,Maj-AL,Kansas City,67,188,168,17,35,9,2,4,20,14,0,27,3,1,2,7,1,1,0.208,0.278,0.357,0.635,679845,0.208
Joey Loperfido,26,226,Maj-AL,Toronto,42,105,97,12,32,4,0,4,14,4,0,27,3,1,0,2,1,2,0.33,0.375,0.495,0.87,694388,0.33
Nicky Lopez,30,378,"Maj-AL,Maj-NL","Chicago,Los Angeles",18,28,24,2,1,0,0,0,1,4,0,4,0,0,0,1,0,0,0.042,0.179,0.042,0.22,670032,0.042
Otto Lopez,26,245,Maj-NL,Miami,143,594,544,66,134,21,0,15,77,44,2,82,3,0,3,9,15,6,0.246,0.305,0.368,0.672,672640,0.246
Brandon Lowe,30,246,Maj-AL,Tampa Bay,134,553,507,79,130,19,0,31,83,38,1,149,2,0,6,6,3,2,0.256,0.307,0.477,0.785,664040,0.256
Josh Lowe,27,245,Maj-AL,Tampa Bay,108,435,396,56,87,21,2,11,40,33,1,109,3,1,2,7,18,4,0.22,0.283,0.366,0.65,666139,0.22
Nathaniel Lowe,29,241,"Maj-AL,Maj-NL","Boston,Washington",156,616,547,64,124,23,3,18,84,62,2,160,2,0,5,7,1,0,0.227,0.305,0.378,0.684,663993,0.227
Matthew Lugo,24,261,Maj-AL,Los Angeles,31,70,69,9,16,2,1,4,9,0,0,24,1,0,0,3,0,0,0.232,0.243,0.464,0.707,683090,0.232
Nathan Lukes,30,211,Maj-AL,Toronto,152,506,450,60,116,23,2,12,73,43,2,70,2,8,3,13,2,4,0.258,0.323,0.398,0.721,664770,0.258
Gavin Lux,27,242,Maj-NL,Cincinnati,142,509,452,51,123,28,2,5,53,56,0,115,0,0,1,3,1,0,0.272,0.352,0.376,0.728,666158,0.272
Manny Machado,32,241,Maj-NL,San Diego,162,690,625,92,170,33,0,28,97,57,4,134,3,0,5,16,14,3,0.272,0.333,0.459,0.793,592518,0.272
Vimael Mach\xc3\xadn,31,278,Maj-AL,Baltimore,4,12,11,1,1,0,0,1,1,1,0,2,0,0,0,0,0,0,0.091,0.167,0.364,0.53,605353,0.091
Willie MacIver,28,245,Maj-AL,Athletics,32,111,102,7,19,5,0,3,9,7,0,27,2,0,0,1,3,0,0.186,0.252,0.324,0.576,680862,0.186
Luke Maile,34,249,Maj-AL,Kansas City,25,54,45,6,11,2,0,1,6,7,0,16,0,2,0,1,1,0,0.244,0.346,0.356,0.702,571912,0.244
Mart\xc3\xadn Maldonado,38,305,Maj-NL,San Diego,64,161,147,11,30,6,0,4,12,8,0,57,0,6,0,3,0,0,0.204,0.245,0.327,0.572,455117,0.204
Justyn-Henry Malloy,25,242,Maj-AL,Detroit,53,128,105,15,23,6,0,1,17,20,0,33,1,0,2,1,0,0,0.219,0.344,0.305,0.649,669234,0.219
Jake Mangum,29,245,Maj-AL,Tampa Bay,118,428,405,37,120,18,1,3,40,19,0,64,2,1,1,4,27,6,0.296,0.33,0.368,0.698,663968,0.296
Kyle Manzardo,24,241,Maj-AL,Cleveland,145,543,481,47,111,19,2,27,70,49,2,138,8,0,5,8,2,0,0.231,0.309,0.447,0.756,700932,0.231
Rafael March\xc3\xa1n,26,245,Maj-NL,Philadelphia,42,118,105,9,22,4,0,2,13,10,0,17,1,1,1,1,0,0,0.21,0.282,0.305,0.587,665561,0.21
Manuel Margot,30,419,Maj-AL,Detroit,6,20,19,1,6,0,0,0,3,0,0,6,0,0,1,0,0,0,0.316,0.3,0.316,0.616,622534,0.316
Jakob Marsee,24,245,Maj-NL,Miami,55,234,209,28,61,18,3,5,33,22,0,48,2,0,1,2,14,6,0.292,0.363,0.478,0.842,805300,0.292
Brandon Marsh,27,234,Maj-NL,Philadelphia,137,440,392,60,107,25,2,11,44,39,1,115,0,3,5,2,7,2,0.273,0.335,0.431,0.766,669016,0.273
Ketel Marte,31,245,Maj-NL,Arizona,126,556,480,87,136,28,0,28,72,64,6,83,9,0,3,12,4,2,0.283,0.376,0.517,0.893,606466,0.283
Noelvi Marte,23,243,Maj-NL,Cincinnati,91,364,342,46,89,17,2,14,51,17,0,87,3,0,2,7,10,3,0.26,0.299,0.444,0.744,682622,0.26
Starling Marte,36,246,Maj-NL,New York,98,329,293,37,79,14,0,9,34,22,0,68,9,1,4,7,7,2,0.27,0.335,0.41,0.745,516782,0.27
Austin Martin,26,245,Maj-AL,Minnesota,50,181,156,22,44,8,1,1,7,22,0,31,1,2,0,6,11,4,0.282,0.374,0.365,0.74,668885,0.282
Angel Mart\xc3\xadnez,23,243,Maj-AL,Cleveland,140,487,449,57,101,23,2,11,45,23,0,112,6,5,4,8,8,2,0.225,0.27,0.359,0.628,682657,0.225
Nick Martini,35,369,Maj-NL,Colorado,43,111,102,9,23,4,0,1,4,9,1,18,0,0,0,1,0,0,0.225,0.288,0.294,0.582,605361,0.225
Michael Massey,27,245,Maj-AL,Kansas City,77,277,262,20,64,9,0,3,20,9,0,43,1,1,4,3,2,1,0.244,0.268,0.313,0.581,686681,0.244
Miles Mastrobuoni,29,230,Maj-AL,Seattle,77,176,153,20,38,4,0,1,12,17,0,30,0,5,1,2,6,3,0.248,0.322,0.294,0.616,670156,0.248
Jorge Mateo,30,245,Maj-AL,Baltimore,42,83,79,9,14,4,0,1,3,4,0,30,0,0,0,1,15,2,0.177,0.217,0.266,0.483,622761,0.177
Nick Maton,28,388,Maj-AL,Chicago,25,63,54,5,9,2,0,2,4,9,0,19,0,0,0,0,0,1,0.167,0.286,0.315,0.601,665155,0.167
Luis Matos,23,260,Maj-NL,San Francisco,57,184,172,26,38,9,1,8,22,11,0,27,0,0,1,5,4,0,0.221,0.266,0.424,0.691,682641,0.221
Brice Matthews,23,245,Maj-AL,Houston,13,47,42,6,7,0,0,4,9,2,0,20,1,2,0,0,1,0,0.167,0.222,0.452,0.675,694728,0.167
Ronny Mauricio,24,245,Maj-NL,New York,61,184,168,19,38,6,0,6,10,15,1,54,1,0,0,5,4,0,0.226,0.293,0.369,0.663,677595,0.226
Marcelo Mayer,22,312,Maj-AL,Boston,44,136,127,19,29,8,1,4,10,8,0,41,0,0,1,2,0,2,0.228,0.272,0.402,0.674,691785,0.228
Coby Mayo,23,245,Maj-AL,Baltimore,85,294,263,30,57,12,0,11,28,27,0,84,4,0,0,2,3,0,0.217,0.299,0.388,0.687,691723,0.217
James McCann,35,245,Maj-NL,Arizona,42,137,123,18,32,6,0,5,17,8,0,33,4,1,1,3,0,0,0.26,0.324,0.431,0.754,543510,0.26
Jake McCarthy,27,245,Maj-NL,Arizona,67,222,206,18,42,7,5,4,20,10,0,40,2,3,1,2,6,0,0.204,0.247,0.345,0.591,664983,0.204
Chas McCormick,30,276,Maj-AL,Houston,64,116,100,13,21,5,0,1,5,9,0,31,1,5,1,1,2,3,0.21,0.279,0.29,0.569,676801,0.21
Mason McCoy,30,245,Maj-NL,San Diego,18,26,22,5,3,1,0,0,1,3,0,7,1,0,0,0,2,0,0.136,0.269,0.182,0.451,669200,0.136
Grant McCray,24,245,Maj-NL,San Francisco,22,26,22,3,2,0,1,0,2,2,0,11,0,1,1,1,0,0,0.091,0.16,0.182,0.342,687529,0.091
Carson McCusker,27,245,Maj-AL,Minnesota,16,30,29,0,5,0,0,0,1,1,0,16,0,0,0,0,0,1,0.172,0.2,0.172,0.372,676812,0.172
Andrew McCutchen,38,245,Maj-NL,Pittsburgh,135,551,477,51,114,22,0,13,57,67,5,118,2,0,3,12,1,1,0.239,0.333,0.367,0.7,457705,0.239
Reese McGuire,30,245,Maj-NL,Chicago,44,140,133,17,30,2,0,9,24,4,0,27,0,1,2,3,0,0,0.226,0.245,0.444,0.688,624512,0.226
Billy McKinney,30,245,Maj-AL,Texas,6,21,20,4,4,1,0,0,1,1,0,1,0,0,0,0,0,0,0.2,0.238,0.25,0.488,641856,0.2
Zach McKinstry,30,233,Maj-AL,Detroit,152,545,481,70,122,23,11,12,52,50,1,121,7,2,5,6,20,5,0.254,0.33,0.422,0.752,656716,0.254
Matt McLain,25,242,Maj-NL,Cincinnati,149,585,517,74,114,19,0,15,50,56,0,172,5,3,4,8,18,2,0.221,0.301,0.344,0.645,680574,0.221
Ryan McMahon,30,235,"Maj-AL,Maj-NL","Colorado,New York",160,601,523,64,113,23,1,21,54,71,1,191,4,0,3,7,3,1,0.216,0.313,0.384,0.697,641857,0.216
Jeff McNeil,33,245,Maj-NL,New York,122,462,399,42,97,21,5,12,54,49,4,55,8,2,4,5,3,0,0.243,0.335,0.411,0.746,643446,0.243
Curtis Mead,24,245,Maj-AL,"Chicago,Tampa Bay",90,264,240,26,56,10,1,3,19,15,0,63,8,0,1,9,5,1,0.233,0.299,0.321,0.62,678554,0.233
Parker Meadows,25,233,Maj-AL,Detroit,66,245,220,25,45,6,2,4,16,22,0,66,0,2,1,0,4,0,0.205,0.276,0.305,0.58,678009,0.205
Chase Meidroth,23,245,Maj-AL,Chicago,122,505,450,54,114,15,0,5,23,45,0,72,6,3,1,14,14,4,0.253,0.329,0.32,0.649,805367,0.253
MJ Melendez,26,305,Maj-AL,Kansas City,23,65,60,5,5,2,0,1,1,3,0,23,2,0,0,0,0,0,0.083,0.154,0.167,0.321,669004,0.083
Jacob Melton,24,245,Maj-AL,Houston,32,78,70,7,11,0,1,0,7,6,0,29,1,0,0,2,7,2,0.157,0.234,0.186,0.419,689200,0.157
Jackson Merrill,22,241,Maj-NL,San Diego,118,495,449,61,119,27,6,17,69,34,1,110,4,2,6,5,1,2,0.265,0.318,0.465,0.784,701538,0.265
Matt Mervis,27,370,Maj-NL,Miami,42,134,120,15,21,4,0,7,14,11,1,50,2,0,1,1,0,0,0.175,0.254,0.383,0.637,670223,0.175
V\xc3\xadctor Mesa Jr.,23,259,Maj-NL,Miami,16,38,32,7,6,2,0,1,6,5,0,5,0,1,0,0,0,0,0.188,0.297,0.344,0.641,683748,0.188
Jake Meyers,29,249,Maj-AL,Houston,103,381,343,53,100,15,2,3,24,31,0,67,3,2,2,9,16,5,0.292,0.354,0.373,0.727,676694,0.292
Drew Millas,27,277,Maj-NL,Washington,18,55,49,6,15,5,1,0,7,4,0,7,0,1,0,0,2,0,0.306,0.358,0.449,0.807,686452,0.306
Owen Miller,28,382,Maj-NL,Colorado,9,17,14,0,2,0,0,0,1,2,0,4,1,0,0,0,1,0,0.143,0.294,0.143,0.437,680911,0.143
Jos\xc3\xa9 Miranda,27,414,Maj-AL,Minnesota,12,36,36,2,6,0,0,1,5,0,0,13,0,0,0,0,0,0,0.167,0.167,0.25,0.417,669304,0.167
Kameron Misner,27,344,Maj-AL,Tampa Bay,71,217,197,27,42,9,1,5,22,16,0,69,1,1,2,1,8,1,0.213,0.273,0.345,0.618,670224,0.213
Garrett Mitchell,26,401,Maj-NL,Milwaukee,25,78,68,9,14,4,1,0,3,7,0,25,1,1,1,0,3,0,0.206,0.286,0.294,0.58,669003,0.206
Andruw Monasterio,28,226,Maj-NL,Milwaukee,69,136,126,19,34,9,0,4,16,8,0,32,2,0,0,1,2,1,0.27,0.324,0.437,0.76,655316,0.27
Yo\xc3\xa1n Moncada,30,248,Maj-AL,Los Angeles,83,289,248,39,58,13,2,12,35,32,1,75,7,0,2,4,0,0,0.234,0.336,0.448,0.783,660162,0.234
Mickey Moniak,27,248,Maj-NL,Colorado,135,461,434,62,117,20,8,24,68,22,1,110,2,0,3,4,9,3,0.27,0.306,0.518,0.824,666160,0.27
Coco Montes,28,410,Maj-AL,Tampa Bay,5,10,10,0,2,0,0,0,1,0,0,3,0,0,0,0,0,0,0.2,0.2,0.2,0.4,663796,0.2
Colson Montgomery,23,245,Maj-AL,Chicago,71,284,255,43,61,9,1,21,55,25,1,83,2,0,1,3,0,0,0.239,0.311,0.529,0.84,695657,0.239
Christian Moore,22,245,Maj-AL,Los Angeles,53,184,162,20,32,5,1,7,16,19,0,62,1,1,1,3,3,0,0.198,0.284,0.37,0.655,695681,0.198
Dylan Moore,32,245,Maj-AL,"Seattle,Texas",106,243,219,35,44,5,0,11,25,20,0,82,1,0,3,1,14,5,0.201,0.267,0.374,0.642,664238,0.201
Christopher Morel,26,246,Maj-AL,Tampa Bay,105,305,278,37,61,16,0,11,33,25,0,109,2,0,0,8,7,2,0.219,0.289,0.396,0.684,666624,0.219
Gabriel Moreno,25,245,Maj-NL,Arizona,83,309,277,44,79,12,1,9,40,29,3,53,1,0,2,6,2,2,0.285,0.353,0.433,0.786,672515,0.285
Ryan Mountcastle,28,245,Maj-AL,Baltimore,89,357,332,34,83,18,0,7,35,15,0,98,4,0,6,10,3,0,0.25,0.286,0.367,0.653,663624,0.25
Cedric Mullins,30,245,"Maj-AL,Maj-NL","Baltimore,New York",133,498,435,58,94,23,1,17,59,50,0,120,4,3,6,2,22,4,0.216,0.299,0.391,0.69,656775,0.216
Max Muncy,34,211,Maj-NL,Los Angeles,117,456,369,56,88,12,2,22,70,75,3,100,7,0,5,6,4,0,0.238,0.373,0.461,0.834,571970,0.238
Max Muncy,22,245,Maj-AL,Athletics,63,220,206,17,44,7,0,9,23,10,0,68,3,0,1,1,1,1,0.214,0.259,0.379,0.638,691777,0.214
Sean Murphy,30,267,Maj-NL,Atlanta,94,337,291,34,58,13,0,16,45,35,1,105,8,0,3,9,0,0,0.199,0.3,0.409,0.709,669221,0.199
Dane Myers,29,250,Maj-NL,Miami,106,333,307,29,72,10,0,6,31,23,0,77,2,0,1,12,18,5,0.235,0.291,0.326,0.617,667472,0.235
Carlos Narv\xc3\xa1ez,26,241,Maj-AL,Boston,121,457,411,51,97,27,0,15,50,41,0,115,1,2,2,13,1,1,0.236,0.305,0.411,0.717,665966,0.236
Omar Narv\xc3\xa1ez,33,410,Maj-AL,Chicago,4,10,7,1,2,0,0,0,3,2,0,1,0,0,1,0,0,0,0.286,0.4,0.286,0.686,553882,0.286
Brian Navarreto,30,245,Maj-NL,Miami,8,15,14,3,4,2,0,1,5,0,0,3,0,0,1,0,0,0,0.286,0.267,0.643,0.91,640459,0.286
Bo Naylor,25,241,Maj-AL,Cleveland,126,422,367,47,71,22,1,15,50,45,0,100,1,3,6,4,1,2,0.193,0.279,0.381,0.661,666310,0.193
Josh Naylor,28,223,"Maj-AL,Maj-NL","Arizona,Seattle",159,655,590,88,176,31,1,23,97,52,4,89,4,0,5,18,32,2,0.298,0.356,0.471,0.828,647304,0.298
Ryne Nelson,27,427,Maj-NL,Arizona,1,1,1,1,1,0,0,0,1,0,0,0,0,0,0,0,0,0,1.0,1.0,1.0,2.0,669194,1.0
Zach Neto,24,262,Maj-AL,Los Angeles,128,554,502,82,129,29,1,26,62,33,6,149,14,2,3,5,26,9,0.257,0.319,0.474,0.793,687263,0.257
Kevin Newman,31,306,Maj-AL,Los Angeles,56,116,114,13,23,2,0,2,11,1,0,23,0,1,0,5,1,0,0.202,0.209,0.272,0.481,621028,0.202
Tom\xc3\xa1s Nido,31,379,Maj-AL,Detroit,10,37,35,4,12,0,0,0,2,0,0,10,1,1,0,1,0,0,0.343,0.361,0.343,0.704,621512,0.343
Brandon Nimmo,32,245,Maj-NL,New York,155,652,587,81,154,27,0,25,92,50,1,141,7,1,7,8,13,1,0.262,0.324,0.436,0.76,607043,0.262
Ryan Noda,29,291,Maj-AL,"Baltimore,Chicago",23,59,47,3,5,0,0,1,2,11,2,25,0,1,0,0,1,0,0.106,0.276,0.17,0.446,676116,0.106
Jhonkensy Noel,23,243,Maj-AL,Cleveland,70,156,151,19,24,2,0,6,13,4,0,55,0,0,1,4,0,0,0.159,0.179,0.291,0.471,678877,0.159
Austin Nola,35,294,Maj-NL,Colorado,14,41,38,2,7,1,0,0,1,2,0,5,0,1,0,2,0,0,0.184,0.225,0.211,0.436,543592,0.184
Lars Nootbaar,27,246,Maj-NL,St. Louis,135,583,509,68,119,24,1,13,48,64,3,119,6,1,3,4,4,5,0.234,0.325,0.361,0.686,663457,0.234
Connor Norby,25,245,Maj-NL,Miami,88,337,311,42,78,17,1,8,34,18,0,90,5,0,3,3,8,2,0.251,0.3,0.389,0.689,681393,0.251
Dom Nu\xc3\xb1ez,30,354,Maj-AL,Cleveland,2,7,7,2,2,0,0,0,0,0,0,4,0,0,0,0,0,0,0.286,0.286,0.286,0.571,624513,0.286
Nasim Nu\xc3\xb1ez,24,245,Maj-NL,Washington,39,92,82,13,19,2,0,4,13,8,0,20,0,1,1,1,9,1,0.232,0.297,0.402,0.699,683083,0.232
Ryan O\'Hearn,31,241,"Maj-AL,Maj-NL","Baltimore,San Diego",147,555,483,67,135,21,1,17,63,59,4,110,9,0,4,11,3,1,0.28,0.366,0.433,0.798,656811,0.28
Logan O\'Hoppe,25,245,Maj-AL,Los Angeles,119,451,423,35,90,8,1,19,43,24,0,139,2,1,1,12,2,1,0.213,0.258,0.371,0.629,681351,0.213
Tyler O\'Neill,30,245,Maj-AL,Baltimore,54,209,181,22,36,6,1,9,26,22,1,51,3,0,3,2,4,0,0.199,0.292,0.392,0.684,641933,0.199
Shinnosuke Ogasawara,27,277,Maj-NL,Washington,1,1,1,0,0,0,0,0,0,0,0,1,0,0,0,0,0,0,0.0,0.0,0.0,0.0,829272,0.0
Shohei Ohtani,30,211,Maj-NL,Los Angeles,175,811,679,159,190,28,10,63,116,125,29,210,3,0,2,9,21,7,0.28,0.393,0.629,1.022,660271,0.28
Matt Olson,31,245,Maj-NL,Atlanta,162,724,624,98,170,41,2,29,95,91,2,176,4,0,5,14,1,0,0.272,0.366,0.484,0.85,621566,0.272
Jonathan Ornelas,25,296,"Maj-AL,Maj-NL","Atlanta,Texas",6,10,9,1,2,0,0,0,0,1,0,3,0,0,0,0,0,0,0.222,0.3,0.222,0.522,680716,0.222
Tirso Ornelas,25,399,Maj-NL,San Diego,7,16,14,0,1,0,0,0,1,2,0,2,0,0,0,1,0,0,0.071,0.188,0.071,0.259,672359,0.071
Joey Ortiz,26,226,Maj-NL,Milwaukee,158,529,489,63,110,18,1,7,45,30,0,78,3,7,0,10,14,3,0.225,0.274,0.309,0.583,687401,0.225
Alejandro Osuna,22,245,Maj-AL,Texas,63,176,151,12,32,4,0,2,15,21,1,34,2,0,2,1,5,4,0.212,0.313,0.278,0.591,696030,0.212
James Outman,28,245,"Maj-AL,Maj-NL","Los Angeles,Minnesota",59,148,134,19,18,5,1,6,11,12,0,63,2,0,0,0,1,0,0.134,0.216,0.321,0.537,681546,0.134
Marcell Ozuna,34,245,Maj-NL,Atlanta,145,592,487,61,113,19,0,21,68,94,2,144,3,0,7,11,0,0,0.232,0.355,0.4,0.756,542303,0.232
Andy Pages,24,211,Maj-NL,Los Angeles,171,679,632,76,162,28,1,27,87,29,0,146,10,2,6,9,14,7,0.256,0.297,0.432,0.729,681624,0.256
Pedro Pag\xc3\xa9s,26,247,Maj-NL,St. Louis,112,389,361,38,83,15,0,11,45,19,1,107,3,3,3,9,0,0,0.23,0.272,0.363,0.635,686780,0.23
Joshua Palacios,29,353,Maj-AL,Chicago,51,145,128,11,26,4,0,3,9,12,0,36,4,1,0,0,0,0,0.203,0.292,0.305,0.596,641943,0.203
Richie Palacios,28,245,Maj-AL,Tampa Bay,17,48,42,10,14,2,0,1,3,5,0,9,0,0,1,3,4,0,0.333,0.396,0.452,0.848,680700,0.333
Isaac Paredes,26,246,Maj-AL,Houston,102,438,378,53,96,15,1,20,53,50,0,76,8,0,2,10,0,1,0.254,0.352,0.458,0.809,670623,0.254
Kyren Paris,23,341,Maj-AL,Los Angeles,44,140,126,20,24,4,1,6,11,10,0,59,3,0,0,1,7,1,0.19,0.266,0.381,0.647,677347,0.19
Vinnie Pasquantino,27,245,Maj-AL,Kansas City,160,682,621,72,164,33,1,32,113,49,5,107,7,0,5,14,1,0,0.264,0.323,0.475,0.798,686469,0.264
Graham Pauley,24,245,Maj-NL,Miami,62,184,161,18,36,9,1,4,11,21,0,36,0,1,1,1,2,0,0.224,0.311,0.366,0.678,688363,0.224
Joc Pederson,33,245,Maj-AL,Texas,96,306,265,28,48,10,1,9,26,34,0,65,5,0,1,5,2,0,0.181,0.285,0.328,0.614,592626,0.181
Liover Peguero,24,259,Maj-NL,Pittsburgh,33,88,80,9,16,1,0,4,8,6,0,25,2,0,0,3,4,0,0.2,0.273,0.363,0.635,678894,0.2
Jeremy Pe\xc3\xb1a,27,253,Maj-AL,Houston,125,543,493,68,150,30,2,17,62,35,2,93,12,1,2,9,20,2,0.304,0.363,0.477,0.84,665161,0.304
Oswald Peraza,25,246,Maj-AL,"Los Angeles,New York",106,265,244,24,40,6,0,5,20,17,0,80,2,0,1,6,9,0,0.164,0.223,0.25,0.473,672724,0.164
Geraldo Perdomo,25,245,Maj-NL,Arizona,161,720,597,98,173,33,5,20,100,94,1,83,10,8,11,11,27,6,0.29,0.389,0.462,0.851,672695,0.29
Jhonny Pereda,29,252,Maj-AL,"Athletics,Minnesota",28,78,69,4,17,6,0,0,4,8,0,21,0,1,0,1,0,0,0.246,0.325,0.333,0.658,640902,0.246
Everson Pereira,24,248,Maj-AL,Tampa Bay,23,73,65,7,9,1,0,2,8,7,0,28,0,0,1,2,2,0,0.138,0.219,0.246,0.465,677592,0.138
Salvador Perez,35,245,Maj-AL,Kansas City,155,641,597,54,141,35,0,30,100,28,5,125,12,0,1,14,0,0,0.236,0.284,0.446,0.729,521692,0.236
Wenceel P\xc3\xa9rez,25,235,Maj-AL,Detroit,106,403,363,49,86,18,4,13,45,31,0,94,3,1,5,6,8,3,0.237,0.299,0.416,0.714,672761,0.237
Blake Perkins,28,226,Maj-NL,Milwaukee,60,189,170,26,38,7,2,3,20,18,0,53,1,0,0,4,7,2,0.224,0.302,0.341,0.643,663368,0.224
Tristan Peters,25,291,Maj-AL,Tampa Bay,4,12,12,0,0,0,0,0,0,0,0,7,0,0,0,0,0,0,0.0,0.0,0.0,0.0,671976,0.0
Tommy Pham,37,245,Maj-NL,Pittsburgh,120,449,392,44,96,17,1,10,52,50,3,94,2,0,5,12,5,3,0.245,0.33,0.37,0.7,502054,0.245
Kevin Pillar,36,373,Maj-AL,Texas,20,43,43,6,9,2,0,0,1,0,0,8,0,0,0,0,3,0,0.209,0.209,0.256,0.465,607680,0.209
Jorge Polanco,31,223,Maj-AL,Seattle,150,576,519,71,135,31,0,29,86,46,1,94,3,3,5,8,6,3,0.26,0.321,0.487,0.809,593871,0.26
Logan Porter,29,348,Maj-NL,San Francisco,4,9,7,2,1,0,0,0,1,1,0,2,1,0,0,0,0,0,0.143,0.333,0.143,0.476,682515,0.143
Yohel Pozo,28,245,Maj-NL,St. Louis,67,168,160,16,37,8,0,5,19,7,0,22,0,0,1,4,0,0,0.231,0.262,0.375,0.637,650968,0.231
C\xc3\xa9sar Prieto,26,272,Maj-NL,St. Louis,3,6,6,0,1,0,0,0,0,0,0,5,0,0,0,0,0,0,0.167,0.167,0.167,0.333,693409,0.167
Jurickson Profar,32,245,Maj-NL,Atlanta,80,371,318,56,78,16,1,14,43,48,0,59,5,0,0,4,9,2,0.245,0.353,0.434,0.787,595777,0.245
Edgar Quero,22,245,Maj-AL,Chicago,111,403,365,31,98,17,0,5,36,32,0,71,4,0,2,8,0,1,0.268,0.333,0.356,0.689,700337,0.268
Ceddanne Rafaela,24,241,Maj-AL,Boston,159,599,556,86,136,34,4,16,63,30,0,121,8,3,2,9,20,5,0.245,0.292,0.406,0.698,678882,0.245
Cal Raleigh,28,223,Maj-AL,Seattle,171,759,642,118,161,26,0,65,133,105,20,205,9,0,3,7,14,4,0.251,0.362,0.595,0.957,663728,0.251
Luke Raley,30,235,Maj-AL,Seattle,76,224,187,24,37,8,0,4,19,19,0,66,14,3,1,2,2,1,0.198,0.317,0.305,0.622,670042,0.198
Agust\xc3\xadn Ram\xc3\xadrez,23,245,Maj-NL,Miami,136,585,537,72,124,33,1,21,67,36,2,113,8,0,4,13,16,3,0.231,0.287,0.413,0.701,682663,0.231
Jos\xc3\xa9 Ram\xc3\xadrez,32,241,Maj-AL,Cleveland,161,685,602,104,170,34,3,30,86,70,23,76,8,0,5,9,44,8,0.282,0.362,0.498,0.86,608070,0.282
Bryan Ramos,23,267,Maj-AL,Chicago,4,12,12,1,2,2,0,0,2,0,0,4,0,0,0,0,0,0,0.167,0.167,0.333,0.5,682868,0.167
Heliot Ramos,25,245,Maj-NL,San Francisco,157,695,620,85,159,24,1,21,69,52,2,158,17,0,6,16,6,4,0.256,0.328,0.4,0.728,671218,0.256
John Rave,27,245,Maj-AL,Kansas City,72,175,153,18,30,5,0,4,14,18,0,46,1,2,1,1,7,2,0.196,0.283,0.307,0.59,670231,0.196
Colin Rea,34,426,Maj-NL,Chicago,1,1,1,0,0,0,0,0,0,0,0,1,0,0,0,0,0,0,0.0,0.0,0.0,0.0,607067,0.0
J.T. Realmuto,34,234,Maj-NL,Philadelphia,138,567,519,60,135,28,2,13,55,35,1,132,9,0,3,13,8,2,0.26,0.316,0.397,0.713,592663,0.26
Rob Refsnyder,34,242,Maj-AL,Boston,72,215,187,29,49,12,0,9,30,25,1,56,1,0,2,6,3,0,0.262,0.349,0.471,0.819,608701,0.262
Hunter Renfroe,33,376,Maj-AL,Kansas City,35,108,99,5,18,6,0,0,4,8,0,21,0,0,1,4,0,0,0.182,0.241,0.242,0.483,592669,0.182
Luis Rengifo,28,245,Maj-AL,Los Angeles,147,541,501,55,119,16,3,9,43,33,0,104,3,1,3,7,10,7,0.238,0.287,0.335,0.622,650859,0.238
Pablo Reyes,31,352,Maj-AL,New York,24,34,31,4,6,1,0,0,2,2,0,10,0,1,0,0,1,0,0.194,0.242,0.226,0.468,622569,0.194
Bryan Reynolds,30,245,Maj-NL,Pittsburgh,154,654,587,68,144,38,3,16,73,57,1,173,7,0,3,15,3,2,0.245,0.318,0.402,0.72,668804,0.245
Ben Rice,26,235,Maj-AL,New York,144,551,485,76,123,29,4,27,69,52,0,108,9,0,3,18,3,2,0.254,0.335,0.497,0.832,700250,0.254
Austin Riley,28,302,Maj-NL,Atlanta,102,447,416,54,108,20,1,16,54,27,1,128,3,0,1,9,2,1,0.26,0.309,0.428,0.737,663586,0.26
Ryan Ritter,24,245,Maj-NL,Colorado,60,207,187,22,45,9,3,1,18,10,0,61,5,4,1,7,3,1,0.241,0.296,0.337,0.632,690022,0.241
Leo Rivas,27,223,Maj-AL,Seattle,55,132,107,20,24,2,0,2,10,24,0,33,1,0,0,1,6,0,0.224,0.371,0.299,0.67,660844,0.224
Emmanuel Rivera,29,258,Maj-AL,Baltimore,42,127,120,5,30,4,0,0,13,6,0,24,1,0,0,3,1,0,0.25,0.291,0.283,0.575,656896,0.25
Sebasti\xc3\xa1n Rivero,26,245,Maj-AL,Los Angeles,11,34,33,4,6,2,0,0,2,1,0,9,0,0,0,0,1,0,0.182,0.206,0.242,0.448,665861,0.182
Luis Robert Jr.,27,278,Maj-AL,Chicago,110,431,382,52,85,12,0,14,53,40,3,112,2,1,3,8,33,8,0.223,0.297,0.364,0.661,673357,0.223
Will Robertson,27,247,Maj-AL,"Chicago,Toronto",27,75,70,2,9,1,0,0,9,2,0,27,2,0,1,1,0,0,0.129,0.173,0.143,0.316,683770,0.129
Chuckie Robinson,30,258,Maj-NL,Los Angeles,1,2,1,1,0,0,0,0,0,0,0,0,0,1,0,0,0,0,0.0,0.0,0.0,0.0,642020,0.0
V\xc3\xadctor Robles,28,223,Maj-AL,Seattle,41,149,133,13,29,6,1,1,9,10,0,33,4,0,2,4,6,4,0.218,0.289,0.301,0.589,645302,0.218
Brayan Rocchio,24,241,Maj-AL,Cleveland,118,392,353,36,82,18,2,6,45,22,0,80,8,4,5,4,8,4,0.232,0.289,0.346,0.634,677587,0.232
Alan Roden,25,290,Maj-AL,"Minnesota,Toronto",55,153,136,17,26,6,1,2,9,8,0,37,6,0,3,0,1,1,0.191,0.261,0.294,0.556,702176,0.191
Brendan Rodgers,28,351,Maj-AL,Houston,43,128,115,12,22,4,0,2,11,11,0,46,1,0,1,2,0,1,0.191,0.266,0.278,0.544,663898,0.191
Endy Rodr\xc3\xadguez,25,359,Maj-NL,Pittsburgh,18,57,52,5,9,4,0,0,2,5,0,14,0,0,0,0,0,1,0.173,0.246,0.25,0.496,682848,0.173
Johnathan Rodr\xc3\xadguez,25,243,Maj-AL,Cleveland,31,80,74,6,14,4,1,2,10,6,0,24,0,0,0,2,1,0,0.189,0.25,0.351,0.601,671286,0.189
Julio Rodr\xc3\xadguez,24,223,Maj-AL,Seattle,172,765,700,112,184,33,4,36,104,51,6,171,12,0,2,17,30,6,0.263,0.323,0.476,0.799,677594,0.263
Jake Rogers,30,236,Maj-AL,Detroit,47,143,124,15,24,5,2,3,19,15,0,39,1,1,2,3,0,0,0.194,0.282,0.339,0.62,668670,0.194
Trevor Rogers,27,335,Maj-AL,Baltimore,1,2,2,0,0,0,0,0,0,0,0,2,0,0,0,0,0,0,0.0,0.0,0.0,0.0,669432,0.0
Johan Rojas,24,305,Maj-NL,Philadelphia,71,172,152,23,34,3,2,1,18,13,0,40,0,4,3,2,12,2,0.224,0.28,0.289,0.569,679032,0.224
Josh Rojas,31,289,Maj-AL,Chicago,69,211,189,14,34,9,0,2,11,19,0,48,0,1,2,6,4,1,0.18,0.252,0.259,0.512,668942,0.18
Miguel Rojas,36,211,Maj-NL,Los Angeles,120,337,308,38,81,18,0,8,29,24,1,48,1,4,0,7,5,0,0.263,0.318,0.399,0.718,500743,0.263
Drew Romo,23,260,Maj-NL,Colorado,3,3,3,0,0,0,0,0,0,0,0,3,0,0,0,0,0,0,0.0,0.0,0.0,0.0,691011,0.0
Brent Rooker,30,245,Maj-AL,Athletics,162,699,626,92,164,40,3,30,89,65,4,155,5,0,2,13,6,1,0.262,0.335,0.479,0.814,667670,0.262
Ben Rortvedt,27,237,"Maj-AL,Maj-NL","Los Angeles,Tampa Bay",48,138,119,11,20,4,0,1,11,11,0,26,3,5,0,1,0,0,0.168,0.256,0.227,0.483,666163,0.168
Amed Rosario,29,235,"Maj-AL,Maj-NL","New York,Washington",66,201,191,22,53,12,0,6,24,7,0,32,2,0,1,6,1,0,0.277,0.308,0.435,0.743,642708,0.277
Eddie Rosario,33,388,Maj-NL,"Atlanta,Los Angeles",5,8,8,1,1,0,0,0,0,0,0,2,0,0,0,0,0,0,0.125,0.125,0.125,0.25,592696,0.125
Esteury Ruiz,26,300,Maj-NL,Los Angeles,19,23,21,2,4,0,0,1,2,2,0,8,0,0,0,0,4,0,0.19,0.261,0.333,0.594,665923,0.19
Keibert Ruiz,26,330,Maj-NL,Washington,68,267,255,19,63,12,0,2,25,8,0,26,3,0,1,4,0,2,0.247,0.277,0.318,0.595,660688,0.247
Dalton Rushing,24,235,Maj-NL,Los Angeles,54,156,143,15,29,5,0,4,24,10,0,59,1,0,2,1,0,0,0.203,0.256,0.322,0.578,687221,0.203
Adley Rutschman,27,245,Maj-AL,Baltimore,90,365,322,37,71,16,2,9,29,40,0,57,1,0,2,8,0,0,0.22,0.307,0.366,0.673,668939,0.22
Blake Sabol,27,400,Maj-AL,Boston,8,18,16,2,2,1,0,0,1,1,0,7,0,0,1,1,0,0,0.125,0.167,0.188,0.354,666165,0.125
Thomas Saggese,23,245,Maj-NL,St. Louis,82,295,275,25,71,17,0,2,25,16,0,83,1,1,2,5,3,0,0.258,0.299,0.342,0.641,695336,0.258
C\xc3\xa9sar Salazar,29,271,Maj-AL,Houston,11,16,13,0,3,0,0,0,1,2,0,2,1,0,0,1,0,0,0.231,0.375,0.231,0.606,663967,0.231
Ali S\xc3\xa1nchez,28,260,Maj-AL,"Boston,Toronto",12,23,23,2,5,2,0,0,0,0,0,6,0,0,0,1,0,0,0.217,0.217,0.304,0.522,645305,0.217
Gary S\xc3\xa1nchez,32,330,Maj-AL,Baltimore,29,101,91,13,21,2,0,5,24,4,0,27,5,0,1,2,0,0,0.231,0.297,0.418,0.715,596142,0.231
Jes\xc3\xbas S\xc3\xa1nchez,27,245,"Maj-AL,Maj-NL","Houston,Miami",134,497,451,61,107,21,4,14,48,42,1,110,2,0,2,10,13,3,0.237,0.304,0.395,0.699,660821,0.237
Javier Sanoja,22,245,Maj-NL,Miami,118,342,313,40,76,22,4,6,38,19,0,41,2,4,4,2,6,5,0.243,0.287,0.396,0.683,691594,0.243
Carlos Santana,39,250,"Maj-AL,Maj-NL","Chicago,Cleveland",124,474,415,49,91,11,0,11,54,52,1,91,3,0,4,7,7,0,0.219,0.308,0.325,0.633,467793,0.219
Anthony Santander,30,228,Maj-AL,Toronto,59,237,209,17,37,5,0,6,20,26,1,66,1,0,1,6,0,0,0.177,0.27,0.287,0.557,623993,0.177
Nolan Schanuel,23,247,Maj-AL,Los Angeles,132,564,488,64,129,23,1,12,53,59,4,71,10,3,4,10,5,1,0.264,0.353,0.389,0.742,694384,0.264
Casey Schmitt,26,245,Maj-NL,San Francisco,95,348,312,34,74,15,0,12,40,27,1,83,5,1,3,6,0,0,0.237,0.305,0.401,0.706,669477,0.237
Daniel Schneemann,28,241,Maj-AL,Cleveland,133,425,382,49,79,19,1,12,42,38,1,118,3,1,1,4,9,3,0.207,0.283,0.356,0.639,682177,0.207
Davis Schneider,26,211,Maj-AL,Toronto,90,251,208,37,48,6,0,12,32,40,0,69,2,0,1,5,3,1,0.231,0.359,0.433,0.791,676914,0.231
Max Schuemann,28,245,Maj-AL,Athletics,101,213,183,20,36,4,2,2,13,22,0,35,4,3,1,6,7,1,0.197,0.295,0.273,0.568,680474,0.197
Aaron Schunk,27,289,Maj-NL,Colorado,16,33,32,1,6,1,0,0,0,0,0,10,0,1,0,1,0,0,0.188,0.188,0.219,0.406,668845,0.188
Kyle Schwarber,32,234,Maj-NL,Philadelphia,166,742,620,113,148,24,2,58,135,110,6,205,11,0,1,4,10,2,0.239,0.363,0.565,0.927,656941,0.239
Victor Scott II,24,245,Maj-NL,St. Louis,138,463,398,54,86,15,1,5,37,42,0,111,10,10,3,3,34,4,0.216,0.305,0.296,0.601,687363,0.216
Corey Seager,31,277,Maj-AL,Texas,102,445,380,61,103,19,0,21,50,58,10,87,5,0,2,13,3,0,0.271,0.373,0.487,0.86,608369,0.271
Anthony Seigler,26,270,Maj-NL,Milwaukee,34,73,62,6,12,1,0,0,5,8,0,16,1,1,1,2,2,0,0.194,0.292,0.21,0.501,678011,0.194
Marcus Semien,34,283,Maj-AL,Texas,127,534,470,62,108,16,1,15,62,50,0,93,5,0,9,8,11,1,0.23,0.305,0.364,0.669,543760,0.23
Hayden Senger,28,257,Maj-NL,New York,33,78,72,8,13,1,0,0,4,3,0,22,1,1,1,3,0,0,0.181,0.221,0.194,0.415,663584,0.181
Bob Seymour,26,245,Maj-AL,Tampa Bay,26,83,78,9,16,1,1,1,5,4,0,32,1,0,0,0,1,0,0.205,0.253,0.282,0.535,676044,0.205
Matt Shaw,23,232,Maj-NL,Chicago,134,460,410,57,91,21,3,13,45,43,0,101,2,1,4,2,18,5,0.222,0.296,0.383,0.679,807713,0.222
Gavin Sheets,29,241,Maj-NL,San Diego,148,551,498,57,125,28,1,19,71,44,1,108,5,0,4,9,2,1,0.251,0.316,0.426,0.741,657757,0.251
Zack Short,30,305,Maj-AL,Houston,22,56,50,9,11,2,0,2,7,4,0,18,1,1,0,0,0,1,0.22,0.291,0.38,0.671,670097,0.22
Michael Siani,25,352,Maj-NL,St. Louis,19,19,17,4,4,0,0,0,0,2,0,7,0,0,0,0,0,0,0.235,0.316,0.235,0.551,672279,0.235
Ronny Simon,25,275,Maj-NL,"Miami,Pittsburgh",27,88,77,10,18,3,0,0,7,8,0,15,0,1,2,1,1,0,0.234,0.299,0.273,0.572,682927,0.234
Chandler Simpson,24,246,Maj-AL,Tampa Bay,109,441,414,53,122,15,3,0,26,20,0,43,0,3,2,10,44,12,0.295,0.326,0.345,0.671,802415,0.295
Jon Singleton,33,308,Maj-AL,Houston,3,9,9,0,1,0,0,0,0,0,0,1,0,0,0,0,0,0,0.111,0.111,0.111,0.222,572138,0.111
Jose Siri,29,250,Maj-NL,New York,16,36,32,7,2,2,0,0,1,4,0,17,0,0,0,0,2,0,0.063,0.167,0.125,0.292,642350,0.063
Austin Slater,32,247,Maj-AL,"Chicago,New York",65,160,148,22,32,6,1,5,13,11,0,51,0,1,0,6,1,0,0.216,0.27,0.372,0.642,596103,0.216
Cam Smith,22,245,Maj-AL,Houston,134,493,441,55,104,21,3,9,51,43,0,137,7,0,2,11,8,1,0.236,0.312,0.358,0.671,701358,0.236
Dominic Smith,30,261,Maj-NL,San Francisco,63,225,204,26,58,12,0,5,33,15,0,42,2,0,4,5,2,0,0.284,0.333,0.417,0.75,642086,0.284
Josh Smith,27,248,Maj-AL,Texas,144,563,495,70,124,23,2,10,35,55,2,100,8,3,1,3,12,3,0.251,0.335,0.366,0.7,669701,0.251
Pavin Smith,29,277,Maj-NL,Arizona,87,288,244,36,63,17,1,8,28,41,1,92,0,0,2,7,2,2,0.258,0.362,0.434,0.797,656976,0.258
Will Smith,30,211,Maj-NL,Los Angeles,125,502,420,72,123,22,1,19,69,70,3,107,7,0,5,9,2,3,0.293,0.398,0.486,0.884,669257,0.293
Tyler Soderstrom,23,245,Maj-AL,Athletics,158,624,561,75,155,34,1,25,93,55,2,141,6,0,2,18,8,3,0.276,0.346,0.474,0.82,691016,0.276
Nick Sogard,27,242,Maj-AL,Boston,32,111,102,14,27,9,0,0,9,5,0,25,3,1,0,3,2,1,0.265,0.318,0.353,0.671,686765,0.265
Nick Solak,30,368,Maj-NL,Pittsburgh,4,11,11,0,1,0,0,0,0,0,0,2,0,0,0,0,0,0,0.091,0.091,0.091,0.182,669256,0.091
Donovan Solano,37,245,Maj-AL,"Seattle,Texas",71,179,166,10,41,4,1,3,21,8,0,40,3,0,2,9,0,0,0.247,0.291,0.337,0.628,456781,0.247
Jorge Soler,33,312,Maj-AL,Los Angeles,82,315,279,31,60,12,0,12,34,28,0,94,4,0,3,5,0,0,0.215,0.293,0.387,0.68,624585,0.215
Edmundo Sosa,29,237,Maj-NL,Philadelphia,91,264,246,30,68,12,1,11,39,10,0,57,2,3,2,7,1,1,0.276,0.308,0.467,0.775,624641,0.276
Lenyn Sosa,25,245,Maj-AL,Chicago,140,544,518,57,137,20,1,22,75,18,0,127,4,1,3,11,2,1,0.264,0.293,0.434,0.727,672820,0.264
Juan Soto,26,245,Maj-NL,New York,160,715,577,120,152,20,1,43,105,127,13,137,3,1,6,17,38,4,0.263,0.396,0.525,0.921,665742,0.263
George Springer,35,211,Maj-AL,Toronto,156,661,565,120,173,33,1,36,94,74,3,128,10,0,5,15,18,2,0.306,0.393,0.559,0.952,543807,0.306
Jacob Stallings,35,309,"Maj-AL,Maj-NL","Baltimore,Colorado",42,129,119,5,16,4,0,0,9,6,0,40,3,1,0,5,0,0,0.134,0.195,0.168,0.363,607732,0.134
Giancarlo Stanton,35,235,Maj-AL,New York,84,311,275,37,73,10,0,24,70,32,3,102,1,0,2,6,0,0,0.265,0.342,0.564,0.906,519317,0.265
Spencer Steer,27,242,Maj-NL,Cincinnati,148,577,517,66,124,21,2,21,76,51,0,131,6,1,2,12,7,1,0.24,0.314,0.41,0.724,668715,0.24
Michael Stefanic,29,367,Maj-AL,Toronto,9,25,22,1,4,0,0,0,0,3,0,3,0,0,0,0,0,0,0.182,0.28,0.182,0.462,683021,0.182
Tyler Stephenson,28,242,Maj-NL,Cincinnati,90,350,306,40,70,19,0,13,52,37,1,120,2,0,5,4,0,1,0.229,0.311,0.418,0.73,663886,0.229
Chad Stevens,26,328,Maj-AL,Los Angeles,5,14,13,1,2,0,0,0,0,0,0,7,0,1,0,0,0,1,0.154,0.154,0.154,0.308,677060,0.154
Cal Stevenson,28,394,Maj-NL,Philadelphia,5,8,8,0,2,0,0,0,1,0,0,2,0,0,0,0,0,0,0.25,0.25,0.25,0.5,670276,0.25
Sal Stewart,21,242,Maj-NL,Cincinnati,20,63,59,11,16,1,0,5,12,4,0,16,0,0,0,1,1,0,0.271,0.317,0.542,0.86,701398,0.271
Trevor Story,32,241,Maj-AL,Boston,160,667,625,93,166,29,0,26,99,33,1,180,7,1,1,3,32,1,0.266,0.309,0.437,0.746,596115,0.266
Bryson Stott,27,234,Maj-NL,Philadelphia,151,574,512,66,130,22,3,13,66,54,1,95,1,3,4,4,25,5,0.254,0.324,0.385,0.709,681082,0.254
Kyle Stowers,27,289,Maj-NL,Miami,117,457,399,61,115,21,3,25,73,48,3,125,5,1,4,6,5,1,0.288,0.368,0.544,0.912,669065,0.288
Myles Straw,30,211,Maj-AL,Toronto,148,318,285,53,72,14,1,4,33,20,0,55,1,11,1,4,12,1,0.253,0.303,0.351,0.654,664702,0.253
CJ Stubbs,28,272,Maj-NL,Washington,1,3,3,0,0,0,0,0,0,0,0,0,0,0,0,0,0,0,0.0,0.0,0.0,0.0,667690,0.0
Garrett Stubbs,32,245,Maj-NL,Philadelphia,5,1,1,2,0,0,0,0,0,0,0,0,0,0,0,0,0,0,0.0,0.0,0.0,0.0,596117,0.0
Eugenio Su\xc3\xa1rez,33,223,"Maj-AL,Maj-NL","Arizona,Seattle",171,708,635,95,144,29,0,52,126,50,2,214,16,0,7,13,4,1,0.227,0.297,0.518,0.815,553993,0.227
Brett Sullivan,31,350,Maj-NL,Pittsburgh,3,9,6,1,1,0,0,0,2,1,0,3,1,0,1,0,0,0,0.167,0.333,0.167,0.5,664954,0.167
Jack Suwinski,26,245,Maj-NL,Pittsburgh,59,178,150,15,22,7,0,3,10,24,1,57,4,0,0,1,7,1,0.147,0.281,0.253,0.534,669261,0.147
Seiya Suzuki,30,232,Maj-NL,Chicago,159,683,602,79,147,34,3,35,108,72,1,174,1,0,8,14,5,2,0.244,0.322,0.485,0.807,673548,0.244
Dansby Swanson,31,232,Maj-NL,Chicago,167,674,616,85,148,25,3,24,78,50,1,183,2,1,5,9,20,3,0.24,0.297,0.407,0.705,621020,0.24
Trey Sweeney,25,245,Maj-AL,Detroit,118,326,296,36,58,6,2,6,32,26,0,92,0,0,4,2,3,1,0.196,0.258,0.291,0.548,700242,0.196
Fernando Tatis Jr.,26,241,Maj-NL,San Diego,158,704,606,113,160,27,2,25,71,90,7,133,6,0,2,6,33,7,0.264,0.364,0.439,0.803,665487,0.264
Mike Tauchman,34,253,Maj-AL,Chicago,93,385,335,44,88,17,1,9,40,45,0,86,4,0,1,5,0,0,0.263,0.356,0.4,0.756,643565,0.263
Leody Taveras,26,358,Maj-AL,"Seattle,Texas",58,180,171,13,35,6,1,3,17,5,0,50,0,3,1,0,9,3,0.205,0.226,0.304,0.53,665750,0.205
Tim Tawa,26,245,Maj-NL,Arizona,74,225,199,29,40,8,0,7,18,20,0,64,1,2,3,6,8,2,0.201,0.274,0.347,0.62,694374,0.201
Chris Taylor,34,245,"Maj-AL,Maj-NL",Los Angeles,58,125,113,15,21,7,0,2,12,5,0,42,6,0,1,1,2,2,0.186,0.256,0.301,0.557,621035,0.186
Michael A. Taylor,34,245,Maj-AL,Chicago,134,325,295,33,59,20,1,9,35,23,1,110,1,4,2,7,8,3,0.2,0.259,0.366,0.625,572191,0.2
Samad Taylor,26,391,Maj-AL,Seattle,4,9,8,1,1,0,0,0,0,0,0,1,0,1,0,0,0,0,0.125,0.125,0.125,0.25,669392,0.125
Tyrone Taylor,31,245,Maj-NL,New York,113,341,310,34,69,18,3,2,27,16,1,76,9,3,2,4,12,2,0.223,0.279,0.319,0.598,621438,0.223
Kyle Teel,23,245,Maj-AL,Chicago,78,297,253,38,69,11,0,8,35,37,0,77,5,1,1,1,3,1,0.273,0.375,0.411,0.786,691019,0.273
Rowdy Tellez,30,245,Maj-AL,"Seattle,Texas",112,312,289,34,66,11,0,17,49,17,0,83,3,0,3,9,1,0,0.228,0.276,0.443,0.719,642133,0.228
Jos\xc3\xa9 Tena,24,287,Maj-NL,Washington,50,169,152,19,37,13,2,0,16,15,0,37,1,0,1,4,3,1,0.243,0.314,0.355,0.669,677588,0.243
Bryce Teodosio,26,245,Maj-AL,Los Angeles,50,150,138,12,28,7,2,1,7,5,0,47,4,1,2,2,7,1,0.203,0.248,0.304,0.553,669326,0.203
Matt Thaiss,30,304,Maj-AL,"Chicago,Tampa Bay",60,190,156,16,34,6,1,1,16,29,0,46,3,1,1,2,1,1,0.218,0.349,0.288,0.638,642136,0.218
Alek Thomas,25,245,Maj-NL,Arizona,143,469,433,51,108,19,3,9,38,21,0,122,5,6,4,2,7,4,0.249,0.289,0.37,0.659,677950,0.249
Colby Thomas,24,245,Maj-AL,Athletics,49,132,120,20,27,5,0,6,19,7,0,49,1,1,3,3,2,1,0.225,0.267,0.417,0.684,687515,0.225
Lane Thomas,29,331,Maj-AL,Cleveland,39,142,125,10,20,2,0,4,11,14,0,44,1,0,2,4,4,1,0.16,0.246,0.272,0.518,657041,0.16
Rhylan Thomas,25,391,Maj-AL,Seattle,3,10,8,2,1,1,0,0,2,1,0,0,0,0,1,0,0,0,0.125,0.2,0.25,0.45,689041,0.125
Michael Toglia,26,262,Maj-NL,Colorado,88,337,306,22,58,15,1,11,32,28,2,132,1,0,2,7,3,0,0.19,0.258,0.353,0.611,669911,0.19
Tyler Tolbert,27,245,Maj-AL,Kansas City,64,57,50,19,14,2,0,1,6,1,0,11,3,1,2,1,20,2,0.28,0.321,0.38,0.701,686475,0.28
Spencer Torkelson,25,233,Maj-AL,Detroit,163,686,595,85,141,30,1,31,84,75,6,180,11,0,5,12,2,1,0.237,0.331,0.447,0.778,679529,0.237
Abraham Toro,28,285,Maj-AL,Boston,77,284,259,33,62,13,0,7,27,14,1,42,6,0,5,1,2,1,0.239,0.289,0.371,0.659,647351,0.239
Luis Torrens,29,247,Maj-NL,New York,92,283,261,20,59,14,1,5,29,19,0,56,2,1,0,7,1,0,0.226,0.284,0.345,0.629,620443,0.226
Gleyber Torres,28,233,Maj-AL,Detroit,153,666,566,81,144,24,0,17,75,88,1,111,5,0,7,12,4,1,0.254,0.356,0.387,0.743,650402,0.254
Ezequiel Tovar,23,245,Maj-NL,Colorado,95,390,360,44,91,18,4,9,33,21,0,98,1,6,2,2,5,3,0.253,0.294,0.4,0.694,678662,0.253
Taylor Trammell,27,246,Maj-AL,Houston,52,135,117,15,23,7,0,3,12,17,0,41,0,0,1,0,3,2,0.197,0.296,0.333,0.63,666211,0.197
Alan Trejo,29,383,Maj-NL,Colorado,13,43,40,3,7,2,0,0,1,1,0,7,0,1,1,3,0,0,0.175,0.19,0.225,0.415,676701,0.175
Jose Trevino,32,245,Maj-NL,Cincinnati,93,302,282,30,67,20,0,4,22,15,0,39,0,1,4,9,0,0,0.238,0.272,0.351,0.623,624431,0.238
Jared Triolo,27,245,Maj-NL,Pittsburgh,107,376,331,41,75,18,2,7,24,39,1,76,2,3,1,4,13,2,0.227,0.311,0.356,0.667,669707,0.227
Chadwick Tromp,30,335,"Maj-AL,Maj-NL","Atlanta,Baltimore",8,22,21,2,3,1,0,1,1,1,0,6,0,0,0,1,0,0,0.143,0.182,0.333,0.515,644433,0.143
Mike Trout,33,245,Maj-AL,Los Angeles,130,556,456,73,106,14,1,26,64,87,10,178,6,0,6,7,2,0,0.232,0.359,0.439,0.797,545361,0.232
Kyle Tucker,28,232,Maj-NL,Chicago,144,629,527,96,140,25,4,23,74,92,7,93,4,1,3,8,25,4,0.266,0.377,0.459,0.836,663656,0.266
Brice Turang,25,226,Maj-NL,Milwaukee,165,696,619,99,172,29,2,19,84,68,1,164,2,2,5,3,24,8,0.278,0.349,0.423,0.772,668930,0.278
Justin Turner,40,237,Maj-NL,Chicago,81,193,171,14,38,7,0,3,18,17,0,37,1,0,4,3,2,0,0.222,0.29,0.316,0.606,457759,0.222
Trea Turner,32,234,Maj-NL,Philadelphia,145,658,606,95,183,31,7,15,72,45,1,112,5,0,2,11,38,7,0.302,0.354,0.45,0.805,607208,0.302
Luis Ur\xc3\xadas,28,280,Maj-AL,Athletics,96,330,287,27,66,7,0,8,25,31,0,45,6,0,3,9,2,1,0.23,0.315,0.338,0.653,649966,0.23
Ram\xc3\xb3n Ur\xc3\xadas,31,245,Maj-AL,"Baltimore,Houston",112,391,352,33,85,17,0,11,44,27,0,88,2,0,10,6,3,0,0.241,0.292,0.384,0.675,602104,0.241
Gio Urshela,33,291,Maj-AL,Athletics,59,197,181,10,43,14,1,0,20,13,0,40,0,2,1,6,0,1,0.238,0.287,0.326,0.613,570482,0.238
Enmanuel Valdez,26,389,Maj-NL,Pittsburgh,31,102,91,7,19,4,2,2,12,11,0,16,0,0,0,2,0,0,0.209,0.294,0.363,0.657,665839,0.209
George Valera,24,241,Maj-AL,Cleveland,19,55,48,9,11,3,0,3,6,7,0,15,0,0,0,1,0,0,0.229,0.327,0.479,0.806,671655,0.229
Ildemaro Vargas,33,245,Maj-NL,Arizona,38,121,115,12,31,2,1,3,19,2,0,15,2,1,1,3,0,0,0.27,0.292,0.383,0.674,545121,0.27
Miguel Vargas,25,245,Maj-AL,Chicago,138,569,504,80,118,32,2,16,60,56,0,100,6,0,3,9,6,0,0.234,0.316,0.401,0.717,678246,0.234
Daulton Varsho,28,211,Maj-AL,Toronto,89,352,323,55,76,17,3,23,65,21,1,96,3,0,5,3,2,1,0.235,0.284,0.52,0.804,662139,0.235
Andrew Vaughn,27,226,"Maj-AL,Maj-NL","Chicago,Milwaukee",121,477,432,39,107,22,0,16,69,35,0,82,3,1,6,13,0,0,0.248,0.305,0.41,0.714,683734,0.248
Terrin Vavra,28,302,Maj-AL,Baltimore,1,1,1,0,0,0,0,0,0,0,0,0,0,0,0,0,0,0,0.0,0.0,0.0,0.0,679631,0.0
Christian V\xc3\xa1zquez,34,245,Maj-AL,Minnesota,65,214,190,14,36,7,0,3,14,18,0,35,4,0,2,3,1,1,0.189,0.271,0.274,0.545,543877,0.189
Luis V\xc3\xa1zquez,25,252,Maj-AL,Baltimore,32,53,50,6,8,1,0,1,3,3,0,14,0,0,0,0,2,0,0.16,0.208,0.24,0.448,676679,0.16
Zac Veen,23,404,Maj-NL,Colorado,12,37,34,1,4,1,0,1,2,2,0,14,1,0,0,0,1,1,0.118,0.189,0.235,0.424,691728,0.118
Alex Verdugo,29,334,Maj-NL,Atlanta,56,213,197,21,47,10,0,0,12,14,0,31,2,0,0,1,1,0,0.239,0.296,0.289,0.585,657077,0.239
Mark Vientos,25,245,Maj-NL,New York,121,463,424,44,99,21,2,17,61,30,0,115,5,0,4,11,1,0,0.233,0.289,0.413,0.702,668901,0.233
Matt Vierling,28,295,Maj-AL,Detroit,31,100,88,6,21,3,0,1,11,7,0,24,3,0,2,1,2,0,0.239,0.31,0.307,0.617,663837,0.239
Ryan Vilade,26,338,Maj-NL,"Cincinnati,St. Louis",8,15,13,1,1,0,0,0,0,2,0,5,0,0,0,1,0,0,0.077,0.2,0.077,0.277,668723,0.077
David Villar,28,378,Maj-NL,San Francisco,9,25,20,4,4,1,0,0,1,4,0,5,1,0,0,1,0,0,0.2,0.36,0.25,0.61,681584,0.2
Jorbit Vivas,24,310,Maj-AL,New York,29,66,56,6,9,2,0,1,5,5,0,13,3,0,0,0,0,0,0.161,0.266,0.25,0.516,678391,0.161
Anthony Volpe,24,235,Maj-AL,New York,160,622,565,67,119,33,4,20,74,43,0,166,4,3,7,11,18,8,0.211,0.268,0.389,0.658,683011,0.211
LaMonte Wade Jr.,31,309,"Maj-AL,Maj-NL","Los Angeles,San Francisco",80,242,209,19,35,8,2,2,18,27,1,58,3,2,1,2,1,0,0.167,0.271,0.254,0.524,664774,0.167
Tyler Wade,30,308,Maj-NL,San Diego,59,127,107,13,22,1,2,0,9,15,0,31,1,4,0,0,1,2,0.206,0.309,0.252,0.561,642180,0.206
Eric Wagaman,27,245,Maj-NL,Miami,140,514,476,56,119,28,3,9,53,32,0,100,1,0,5,11,4,1,0.25,0.296,0.378,0.674,676572,0.25
Will Wagner,26,245,"Maj-AL,Maj-NL","San Diego,Toronto",55,149,129,15,29,7,0,0,7,17,0,28,2,1,0,3,1,0,0.225,0.324,0.279,0.603,695238,0.225
Christian Walker,34,246,Maj-AL,Houston,154,640,585,72,139,24,1,27,88,40,1,177,11,0,4,10,2,1,0.238,0.297,0.421,0.717,572233,0.238
Jordan Walker,23,245,Maj-NL,St. Louis,111,396,363,40,78,13,1,6,41,29,1,126,3,0,1,9,10,3,0.215,0.278,0.306,0.584,691023,0.215
Chad Wallach,33,261,Maj-AL,Los Angeles,1,0,0,0,0,0,0,0,0,0,0,0,0,0,0,0,0,0,,,,,595453,
Matt Wallner,27,256,Maj-AL,Minnesota,104,392,336,47,68,16,3,22,40,46,0,114,8,0,2,3,4,3,0.202,0.311,0.464,0.776,670242,0.202
Taylor Walls,28,296,Maj-AL,Tampa Bay,101,317,282,36,62,14,1,4,38,26,0,70,0,3,6,1,14,6,0.22,0.28,0.319,0.599,670764,0.22
Donovan Walton,31,260,Maj-NL,Philadelphia,2,9,8,1,1,0,0,0,1,0,0,1,0,1,0,0,0,0,0.125,0.125,0.125,0.25,622268,0.125
Taylor Ward,31,245,Maj-AL,Los Angeles,157,663,579,86,132,31,2,36,103,75,1,175,3,0,6,13,4,1,0.228,0.317,0.475,0.792,621493,0.228
Drew Waters,26,332,Maj-AL,Kansas City,71,219,206,21,50,6,3,1,14,11,0,60,2,0,0,2,5,3,0.243,0.288,0.316,0.603,671221,0.243
Austin Wells,25,235,Maj-AL,New York,133,471,423,52,93,22,1,21,74,31,0,124,5,0,11,10,5,1,0.22,0.274,0.426,0.7,669224,0.22
Jordan Westburg,26,245,Maj-AL,Baltimore,85,352,328,59,87,10,1,17,41,17,0,80,6,0,1,5,1,2,0.265,0.313,0.457,0.77,676059,0.265
Shay Whitcomb,26,306,Maj-AL,Houston,20,32,32,4,4,0,0,1,1,0,0,10,0,0,0,0,0,0,0.125,0.125,0.219,0.344,694376,0.125
Eli White,31,246,Maj-NL,Atlanta,105,271,256,43,60,8,3,10,35,11,1,70,2,1,1,2,10,1,0.234,0.27,0.406,0.677,642201,0.234
Joey Wiemer,26,245,Maj-NL,Miami,27,61,55,7,13,2,0,3,12,2,1,23,2,0,2,0,0,0,0.236,0.279,0.436,0.715,686894,0.236
Carson Williams,22,245,Maj-AL,Tampa Bay,32,106,99,11,17,3,0,5,12,6,0,44,0,1,0,3,2,1,0.172,0.219,0.354,0.573,700246,0.172
Luke Williams,28,252,Maj-NL,Atlanta,39,34,31,5,4,2,0,0,5,1,0,9,1,0,1,2,5,0,0.129,0.176,0.194,0.37,663897,0.129
Ben Williamson,24,305,Maj-AL,Seattle,85,295,277,36,70,13,0,1,21,15,0,64,1,2,0,5,5,1,0.253,0.294,0.31,0.604,810938,0.253
Jacob Wilson,23,246,Maj-AL,Athletics,125,523,486,62,151,26,0,13,63,27,1,39,7,2,1,16,5,2,0.311,0.355,0.444,0.8,805779,0.311
Weston Wilson,30,245,Maj-NL,Philadelphia,52,125,111,15,22,4,0,5,17,12,0,34,1,1,0,1,2,3,0.198,0.282,0.369,0.652,642215,0.198
Will Wilson,26,273,Maj-AL,Cleveland,34,91,78,7,15,4,0,0,2,7,0,34,1,5,0,1,2,0,0.192,0.267,0.244,0.511,669717,0.192
Jesse Winker,31,325,Maj-NL,New York,26,81,70,8,16,5,2,1,10,9,1,21,0,0,2,1,1,0,0.229,0.309,0.4,0.709,608385,0.229
Jack Winkler,26,259,Maj-NL,Miami,14,16,16,2,4,2,0,0,0,0,0,4,0,0,0,0,1,0,0.25,0.25,0.375,0.625,676466,0.25
Masyn Winn,23,265,Maj-NL,St. Louis,129,537,491,72,124,27,0,9,51,34,0,102,8,2,2,11,9,5,0.253,0.31,0.363,0.673,691026,0.253
Brett Wisely,26,246,Maj-NL,"Atlanta,San Francisco",26,63,54,5,10,4,0,1,10,7,0,14,0,2,0,0,1,1,0.185,0.279,0.315,0.594,689172,0.185
Bobby Witt Jr.,25,245,Maj-AL,Kansas City,157,687,623,99,184,47,6,23,88,49,8,125,8,0,7,7,38,9,0.295,0.351,0.501,0.852,677951,0.295
Connor Wong,29,245,Maj-AL,Boston,63,188,168,16,32,8,0,0,7,16,0,42,1,1,2,7,2,1,0.19,0.262,0.238,0.5,657136,0.19
James Wood,22,245,Maj-NL,Washington,157,689,598,87,153,38,0,31,94,85,8,221,3,0,3,12,15,7,0.256,0.35,0.475,0.825,695578,0.256
Gage Workman,25,396,"Maj-AL,Maj-NL",Chicago,12,17,16,0,3,1,0,0,2,1,0,7,0,0,0,0,1,0,0.188,0.235,0.25,0.485,669398,0.188
Austin Wynns,34,301,"Maj-AL,Maj-NL","Athletics,Cincinnati",39,110,103,13,30,8,0,6,21,5,0,32,0,1,1,3,0,0,0.291,0.321,0.544,0.865,642851,0.291
Mike Yastrzemski,34,245,"Maj-AL,Maj-NL","Kansas City,San Francisco",146,558,477,68,111,28,1,17,46,72,4,108,2,2,5,7,7,2,0.233,0.333,0.403,0.735,573262,0.233
Christian Yelich,33,226,Maj-NL,Milwaukee,159,682,606,91,157,22,0,29,103,69,6,176,6,0,1,6,17,6,0.259,0.34,0.439,0.779,592885,0.259
Nick Yorke,23,245,Maj-NL,Pittsburgh,22,72,69,7,16,3,0,1,8,3,0,15,0,0,0,1,1,0,0.232,0.264,0.319,0.583,694377,0.232
Masataka Yoshida,31,241,Maj-AL,Boston,58,212,195,16,54,11,0,4,28,10,0,25,3,0,4,3,3,0,0.277,0.316,0.395,0.711,807799,0.277
Cole Young,21,245,Maj-AL,Seattle,77,257,223,24,47,7,1,4,24,28,1,47,2,2,2,4,1,0,0.211,0.302,0.305,0.607,702284,0.211
Jacob Young,25,245,Maj-NL,Washington,120,364,324,34,75,10,1,2,31,27,0,65,3,9,1,7,15,11,0.231,0.296,0.287,0.583,696285,0.231
Jared Young,29,245,Maj-NL,New York,22,47,43,5,8,1,0,4,6,2,0,16,1,0,1,1,0,0,0.186,0.234,0.488,0.722,676724,0.186
