year,mlbam_id,name_savant,name_human,bbe,gb_rate,air_rate,fb_rate,ld_rate,pu_rate,pull_rate,straight_rate,oppo_rate,pull_gb_rate,straight_gb_rate,oppo_gb_rate,pull_air_rate,straight_air_rate,oppo_air_rate,snapshot_date
2022,805367,"Meidroth, Chase",Chase Meidroth,171,0.52046783625731,0.47953216374269,0.2163742690058479,0.2222222222222222,0.0409356725146198,0.4093567251461988,0.3099415204678362,0.2807017543859649,0.2514619883040935,0.1988304093567251,0.0701754385964912,0.1578947368421052,0.1111111111111111,0.2105263157894736,2026-06-05
2022,671976,"Peters, Tristan",Tristan Peters,123,0.4796747967479675,0.5203252032520325,0.2032520325203252,0.2439024390243902,0.073170731707317,0.4796747967479675,0.3252032520325203,0.1951219512195122,0.2276422764227642,0.1788617886178861,0.073170731707317,0.2520325203252033,0.1463414634146341,0.1219512195121951,2026-06-05
2022,678246,"Vargas, Miguel",Miguel Vargas,176,0.3295454545454545,0.6704545454545454,0.3409090909090909,0.2272727272727272,0.1022727272727272,0.4204545454545454,0.3125,0.2670454545454545,0.1818181818181818,0.1136363636363636,0.034090909090909,0.2386363636363636,0.1988636363636363,0.2329545454545454,2026-06-05
2022,700337,"Quero, Edgar",Edgar Quero,92,0.532608695652174,0.467391304347826,0.2608695652173913,0.1847826086956521,0.0217391304347826,0.3260869565217391,0.4347826086956521,0.2391304347826087,0.2065217391304347,0.2391304347826087,0.0869565217391304,0.1195652173913043,0.1956521739130434,0.1521739130434782,2026-06-05
2022,668901,"Vientos, Mark",Mark Vientos,146,0.4452054794520548,0.5547945205479452,0.3150684931506849,0.1575342465753424,0.0821917808219178,0.3698630136986301,0.4178082191780822,0.2123287671232876,0.1917808219178082,0.1712328767123287,0.0821917808219178,0.1780821917808219,0.2465753424657534,0.1301369863013698,2026-06-05
2022,662139,"Varsho, Daulton",Daulton Varsho,166,0.3915662650602409,0.608433734939759,0.2228915662650602,0.2951807228915662,0.0903614457831325,0.3554216867469879,0.4036144578313253,0.2409638554216867,0.1626506024096385,0.1566265060240964,0.072289156626506,0.1927710843373493,0.2469879518072289,0.1686746987951807,2026-06-05
2022,695600,"Jensen, Carter",Carter Jensen,125,0.328,0.672,0.368,0.192,0.112,0.4,0.32,0.28,0.168,0.12,0.04,0.232,0.2,0.24,2026-06-05
2022,657041,"Thomas, Lane",Lane Thomas,86,0.2790697674418604,0.7209302325581395,0.3372093023255814,0.2441860465116279,0.1395348837209302,0.4186046511627907,0.3837209302325581,0.1976744186046511,0.1511627906976744,0.1046511627906976,0.0232558139534883,0.2674418604651163,0.2790697674418604,0.1744186046511627,2026-06-05
2022,681624,"Pages, Andy",Andy Pages,193,0.3678756476683937,0.6321243523316062,0.2694300518134715,0.2642487046632124,0.0984455958549222,0.3523316062176165,0.3730569948186528,0.2746113989637305,0.1709844559585492,0.155440414507772,0.0414507772020725,0.1813471502590673,0.2176165803108808,0.233160621761658,2026-06-05
2022,571970,"Muncy, Max",Max Muncy,134,0.4253731343283582,0.5746268656716418,0.3283582089552239,0.1940298507462686,0.0522388059701492,0.5447761194029851,0.3059701492537313,0.1492537313432835,0.2761194029850746,0.126865671641791,0.0223880597014925,0.2686567164179104,0.1791044776119403,0.126865671641791,2026-06-05
2022,676609,"Caballero, José",José Caballero,136,0.5294117647058824,0.4705882352941176,0.1764705882352941,0.2058823529411764,0.088235294117647,0.4191176470588235,0.3676470588235294,0.213235294117647,0.2426470588235294,0.2279411764705882,0.0588235294117647,0.1764705882352941,0.1397058823529412,0.1544117647058823,2026-06-05
2022,502671,"Goldschmidt, Paul",Paul Goldschmidt,95,0.431578947368421,0.5684210526315789,0.2210526315789473,0.2736842105263158,0.0736842105263157,0.3473684210526316,0.3263157894736842,0.3263157894736842,0.1578947368421052,0.1578947368421052,0.1157894736842105,0.1894736842105263,0.1684210526315789,0.2105263157894737,2026-06-05
2022,641355,"Bellinger, Cody",Cody Bellinger,192,0.3333333333333333,0.6666666666666667,0.3385416666666667,0.2291666666666666,0.0989583333333333,0.421875,0.3697916666666667,0.2083333333333333,0.203125,0.1145833333333333,0.015625,0.21875,0.2552083333333333,0.1927083333333333,2026-06-05
2022,665862,"Chisholm Jr., Jazz",Jazz Chisholm Jr.,148,0.4324324324324324,0.5675675675675675,0.2972972972972973,0.1891891891891892,0.081081081081081,0.5202702702702703,0.2837837837837837,0.1959459459459459,0.3108108108108108,0.0878378378378378,0.0337837837837837,0.2094594594594594,0.1959459459459459,0.1621621621621621,2026-06-05
2022,700250,"Rice, Ben",Ben Rice,152,0.4078947368421052,0.5921052631578947,0.2565789473684211,0.2894736842105263,0.0460526315789473,0.4671052631578947,0.3552631578947368,0.1776315789473684,0.2565789473684211,0.1447368421052631,0.006578947368421,0.2105263157894736,0.2105263157894736,0.1710526315789473,2026-06-05
2022,702332,"Durbin, Caleb",Caleb Durbin,150,0.5533333333333333,0.4466666666666666,0.16,0.2,0.0866666666666666,0.4133333333333333,0.3866666666666666,0.2,0.28,0.2066666666666666,0.0666666666666666,0.1333333333333333,0.18,0.1333333333333333,2026-06-05
2022,683002,"Henderson, Gunnar",Gunnar Henderson,191,0.4397905759162304,0.5602094240837696,0.2774869109947644,0.2146596858638743,0.0680628272251308,0.4345549738219895,0.3769633507853403,0.1884816753926701,0.1780104712041884,0.2303664921465968,0.031413612565445,0.256544502617801,0.1465968586387434,0.1570680628272251,2026-06-05
2022,641487,"Crawford, J.P.",J.P. Crawford,149,0.4765100671140939,0.5234899328859061,0.2214765100671141,0.2281879194630872,0.0738255033557047,0.3892617449664429,0.3288590604026846,0.2818791946308724,0.2550335570469799,0.1543624161073825,0.0671140939597315,0.134228187919463,0.174496644295302,0.2147651006711409,2026-06-05
2022,663728,"Raleigh, Cal",Cal Raleigh,106,0.2830188679245283,0.7169811320754716,0.4716981132075472,0.1320754716981132,0.1132075471698113,0.5094339622641509,0.2830188679245283,0.2075471698113207,0.1886792452830188,0.0754716981132075,0.0188679245283018,0.320754716981132,0.2075471698113207,0.1886792452830188,2026-06-05
2022,702284,"Young, Cole",Cole Young,173,0.3930635838150289,0.6069364161849711,0.2485549132947976,0.2369942196531791,0.1213872832369942,0.4624277456647399,0.3410404624277456,0.1965317919075144,0.2369942196531791,0.1156069364161849,0.0404624277456647,0.2254335260115607,0.2254335260115607,0.1560693641618497,2026-06-05
2022,664761,"Bohm, Alec",Alec Bohm,183,0.4808743169398907,0.5191256830601093,0.2185792349726776,0.2185792349726776,0.081967213114754,0.2622950819672131,0.5027322404371585,0.2349726775956284,0.1857923497267759,0.2622950819672131,0.0327868852459016,0.0765027322404371,0.2404371584699453,0.2021857923497267,2026-06-05
2022,656941,"Schwarber, Kyle",Kyle Schwarber,133,0.3007518796992481,0.6992481203007519,0.3834586466165413,0.2180451127819548,0.0977443609022556,0.5714285714285714,0.225563909774436,0.2030075187969924,0.2330827067669172,0.0526315789473684,0.0150375939849624,0.3383458646616541,0.1729323308270676,0.18796992481203,2026-06-05
2022,802415,"Simpson, Chandler",Chandler Simpson,208,0.5913461538461539,0.4086538461538462,0.1346153846153846,0.2307692307692307,0.0432692307692307,0.2740384615384615,0.3990384615384615,0.3269230769230769,0.2163461538461538,0.2403846153846154,0.1346153846153846,0.0576923076923077,0.1586538461538461,0.1923076923076923,2026-06-05
2022,686797,"Lee, Brooks",Brooks Lee,174,0.4195402298850574,0.5804597701149425,0.2586206896551724,0.2586206896551724,0.0632183908045977,0.4022988505747126,0.3218390804597701,0.2758620689655172,0.2068965517241379,0.160919540229885,0.0517241379310344,0.1954022988505747,0.160919540229885,0.2241379310344827,2026-06-05
2022,695734,"Lile, Daylen",Daylen Lile,203,0.3743842364532019,0.625615763546798,0.3448275862068966,0.2167487684729064,0.064039408866995,0.4236453201970443,0.2807881773399014,0.2955665024630542,0.2512315270935961,0.0985221674876847,0.0246305418719211,0.1724137931034482,0.1822660098522167,0.270935960591133,2026-06-05
2022,682928,"Abrams, CJ",CJ Abrams,176,0.3806818181818182,0.6193181818181819,0.2784090909090909,0.2386363636363636,0.1022727272727272,0.4488636363636363,0.3295454545454545,0.2215909090909091,0.2102272727272727,0.1534090909090909,0.0170454545454545,0.2386363636363636,0.1761363636363636,0.2045454545454545,2026-06-05
2022,696285,"Young, Jacob",Jacob Young,159,0.4025157232704403,0.5974842767295597,0.2641509433962264,0.270440251572327,0.0628930817610062,0.3647798742138364,0.3647798742138364,0.270440251572327,0.2075471698113207,0.1635220125786163,0.0314465408805031,0.1572327044025157,0.2012578616352201,0.2389937106918239,2026-06-05
2022,678662,"Tovar, Ezequiel",Ezequiel Tovar,150,0.38,0.6200000000000001,0.2933333333333333,0.2666666666666666,0.06,0.38,0.4,0.22,0.1666666666666666,0.1866666666666666,0.0266666666666666,0.2133333333333333,0.2133333333333333,0.1933333333333333,2026-06-05
2022,687859,"Johnston, Troy",Troy Johnston,154,0.3961038961038961,0.6038961038961038,0.2077922077922078,0.3636363636363636,0.0324675324675324,0.3636363636363636,0.4090909090909091,0.2272727272727272,0.1753246753246753,0.1623376623376623,0.0584415584415584,0.1883116883116883,0.2467532467532467,0.1688311688311688,2026-06-05
2022,650489,"Castro, Willi",Willi Castro,121,0.3884297520661157,0.6115702479338843,0.3388429752066115,0.2396694214876033,0.0330578512396694,0.4462809917355372,0.3223140495867768,0.2314049586776859,0.2066115702479339,0.140495867768595,0.0413223140495867,0.2396694214876033,0.1818181818181818,0.1900826446280991,2026-06-05
2022,666160,"Moniak, Mickey",Mickey Moniak,111,0.2972972972972973,0.7027027027027026,0.4054054054054054,0.1711711711711711,0.1261261261261261,0.5405405405405406,0.2882882882882883,0.1711711711711711,0.1891891891891892,0.0990990990990991,0.009009009009009,0.3513513513513513,0.1891891891891892,0.1621621621621621,2026-06-05
2022,671289,"Freeman, Tyler",Tyler Freeman,123,0.5284552845528455,0.4715447154471545,0.1869918699186991,0.2601626016260163,0.024390243902439,0.3739837398373983,0.3495934959349593,0.2764227642276423,0.2357723577235772,0.1869918699186991,0.1056910569105691,0.1382113821138211,0.1626016260162602,0.1707317073170731,2026-06-05
2022,805808,"McGonigle, Kevin",Kevin McGonigle,191,0.3141361256544502,0.6858638743455497,0.3455497382198952,0.256544502617801,0.0837696335078534,0.3979057591623036,0.3769633507853403,0.225130890052356,0.1832460732984293,0.1099476439790576,0.0209424083769633,0.2146596858638743,0.2670157068062827,0.2041884816753926,2026-06-05
2022,802139,"Wetherholt, JJ",JJ Wetherholt,182,0.3846153846153846,0.6153846153846154,0.3186813186813186,0.2362637362637362,0.0604395604395604,0.4340659340659341,0.3516483516483517,0.2142857142857142,0.2527472527472527,0.0934065934065934,0.0384615384615384,0.1813186813186813,0.2582417582417582,0.1758241758241758,2026-06-05
2022,606466,"Marte, Ketel",Ketel Marte,197,0.4416243654822335,0.5583756345177665,0.2385786802030456,0.2741116751269035,0.0456852791878172,0.5431472081218274,0.2842639593908629,0.1725888324873096,0.2842639593908629,0.1269035532994923,0.0304568527918781,0.2588832487309644,0.1573604060913705,0.1421319796954314,2026-06-05
2022,693304,"Gonzales, Nick",Nick Gonzales,173,0.5317919075144508,0.4682080924855491,0.1791907514450867,0.2485549132947976,0.0404624277456647,0.4393063583815029,0.2716763005780346,0.2890173410404624,0.2890173410404624,0.1618497109826589,0.0809248554913294,0.1502890173410404,0.1098265895953757,0.2080924855491329,2026-06-05
2022,657757,"Sheets, Gavin",Gavin Sheets,127,0.4094488188976378,0.5905511811023622,0.2598425196850393,0.2204724409448819,0.1102362204724409,0.4015748031496063,0.3307086614173228,0.2677165354330709,0.1889763779527559,0.1574803149606299,0.0629921259842519,0.2125984251968504,0.1732283464566929,0.2047244094488189,2026-06-05
2022,701538,"Merrill, Jackson",Jackson Merrill,158,0.4113924050632911,0.5886075949367089,0.2531645569620253,0.2721518987341772,0.0632911392405063,0.3924050632911392,0.3417721518987341,0.2658227848101265,0.2025316455696202,0.1582278481012658,0.050632911392405,0.1898734177215189,0.1835443037974683,0.2151898734177215,2026-06-05
2022,682829,"De La Cruz, Elly",Elly De La Cruz,157,0.4522292993630573,0.5477707006369427,0.3184713375796178,0.2165605095541401,0.0127388535031847,0.2993630573248407,0.4012738853503185,0.2993630573248407,0.197452229299363,0.2038216560509554,0.0509554140127388,0.1019108280254776,0.197452229299363,0.2484076433121019,2026-06-05
2022,663886,"Stephenson, Tyler",Tyler Stephenson,105,0.2952380952380952,0.7047619047619048,0.3523809523809524,0.2571428571428571,0.0952380952380952,0.3333333333333333,0.3809523809523809,0.2857142857142857,0.1714285714285714,0.1047619047619047,0.019047619047619,0.1619047619047618,0.2761904761904761,0.2666666666666666,2026-06-05
2022,621020,"Swanson, Dansby",Dansby Swanson,149,0.4295302013422818,0.5704697986577182,0.3288590604026846,0.1677852348993288,0.0738255033557047,0.4630872483221476,0.3355704697986577,0.2013422818791946,0.2953020134228188,0.1140939597315436,0.0201342281879194,0.1677852348993288,0.2214765100671141,0.1812080536912751,2026-06-05
2022,663538,"Hoerner, Nico",Nico Hoerner,232,0.4008620689655172,0.5991379310344827,0.2198275862068965,0.293103448275862,0.0862068965517241,0.3060344827586206,0.4482758620689655,0.2456896551724137,0.1724137931034483,0.1767241379310344,0.0517241379310344,0.1336206896551723,0.271551724137931,0.1939655172413793,2026-06-05
2022,808982,"Lee, Jung Hoo",Jung Hoo Lee,187,0.4385026737967914,0.5614973262032086,0.2085561497326203,0.3262032085561497,0.0267379679144385,0.3422459893048128,0.374331550802139,0.2834224598930481,0.1925133689839572,0.1711229946524064,0.0748663101604278,0.1497326203208556,0.2032085561497326,0.2085561497326203,2026-06-05
2022,646240,"Devers, Rafael",Rafael Devers,167,0.4431137724550898,0.5568862275449102,0.3173652694610778,0.1796407185628742,0.059880239520958,0.3053892215568862,0.4550898203592814,0.2395209580838323,0.1736526946107784,0.2215568862275449,0.0479041916167664,0.1317365269461078,0.2335329341317365,0.1916167664670658,2026-06-05
2022,701358,"Smith, Cam",Cam Smith,148,0.4594594594594595,0.5405405405405406,0.2567567567567567,0.2162162162162162,0.0675675675675675,0.3243243243243243,0.3783783783783784,0.2972972972972973,0.2027027027027027,0.1824324324324324,0.0743243243243243,0.1216216216216216,0.1959459459459459,0.2229729729729729,2026-06-05
2022,670623,"Paredes, Isaac",Isaac Paredes,171,0.2748538011695906,0.7251461988304093,0.3216374269005848,0.2573099415204678,0.1461988304093567,0.5555555555555556,0.239766081871345,0.2046783625730994,0.1812865497076023,0.0467836257309941,0.0467836257309941,0.3742690058479532,0.1929824561403508,0.1578947368421052,2026-06-05
2022,643446,"McNeil, Jeff",Jeff McNeil,165,0.4666666666666667,0.5333333333333333,0.1575757575757575,0.303030303030303,0.0727272727272727,0.4,0.3333333333333333,0.2666666666666666,0.2484848484848484,0.1575757575757575,0.0606060606060606,0.1515151515151515,0.1757575757575757,0.206060606060606,2026-06-05
2022,701762,"Kurtz, Nick",Nick Kurtz,137,0.4087591240875912,0.5912408759124088,0.2700729927007299,0.2700729927007299,0.0510948905109489,0.3211678832116788,0.3795620437956204,0.2992700729927007,0.2116788321167883,0.1313868613138686,0.0656934306569343,0.1094890510948905,0.2481751824817518,0.2335766423357664,2026-06-05
2022,667670,"Rooker, Brent",Brent Rooker,109,0.3577981651376147,0.6422018348623854,0.3944954128440367,0.2110091743119266,0.036697247706422,0.3761467889908257,0.3669724770642202,0.2568807339449541,0.1926605504587156,0.128440366972477,0.036697247706422,0.1834862385321101,0.2385321100917431,0.2201834862385321,2026-06-05
2022,645277,"Albies, Ozzie",Ozzie Albies,218,0.3669724770642202,0.6330275229357798,0.3119266055045872,0.2431192660550458,0.0779816513761468,0.4311926605504587,0.3394495412844037,0.2293577981651376,0.1834862385321101,0.1513761467889908,0.0321100917431192,0.2477064220183486,0.1880733944954128,0.1972477064220183,2026-06-05
2022,573262,"Yastrzemski, Mike",Mike Yastrzemski,115,0.408695652173913,0.591304347826087,0.2782608695652174,0.2521739130434782,0.0608695652173913,0.4695652173913043,0.2869565217391304,0.2434782608695652,0.2608695652173913,0.1130434782608695,0.0347826086956521,0.208695652173913,0.1739130434782608,0.208695652173913,2026-06-05
2022,691785,"Mayer, Marcelo",Marcelo Mayer,133,0.5112781954887218,0.4887218045112781,0.2706766917293233,0.1578947368421052,0.0601503759398496,0.3684210526315789,0.3609022556390977,0.2706766917293233,0.2706766917293233,0.1804511278195488,0.0601503759398496,0.0977443609022556,0.1804511278195488,0.2105263157894736,2026-06-05
2022,680776,"Duran, Jarren",Jarren Duran,158,0.4493670886075949,0.550632911392405,0.2088607594936709,0.2215189873417721,0.120253164556962,0.4367088607594936,0.3417721518987341,0.2215189873417721,0.2658227848101265,0.1455696202531645,0.0379746835443038,0.1708860759493671,0.1962025316455696,0.1835443037974683,2026-06-05
2022,668939,"Rutschman, Adley",Adley Rutschman,143,0.3706293706293706,0.6293706293706294,0.3076923076923077,0.2727272727272727,0.0489510489510489,0.3706293706293706,0.4055944055944055,0.2237762237762237,0.1748251748251748,0.1468531468531468,0.0489510489510489,0.1958041958041958,0.2587412587412587,0.1748251748251748,2026-06-05
2022,621493,"Ward, Taylor",Taylor Ward,172,0.4011627906976744,0.5988372093023255,0.2732558139534883,0.2732558139534883,0.0523255813953488,0.2906976744186046,0.436046511627907,0.2732558139534883,0.1744186046511628,0.1802325581395348,0.0465116279069767,0.1162790697674418,0.2558139534883721,0.2267441860465116,2026-06-05
2022,669236,"Jackson, Jeremiah",Jeremiah Jackson,134,0.5298507462686567,0.4701492537313433,0.2462686567164179,0.1791044776119403,0.044776119402985,0.4328358208955223,0.3358208955223881,0.2313432835820895,0.2835820895522388,0.2014925373134328,0.044776119402985,0.1492537313432835,0.1343283582089552,0.1865671641791045,2026-06-05
2022,694212,"Basallo, Samuel",Samuel Basallo,124,0.3870967741935484,0.6129032258064515,0.2580645161290322,0.2903225806451613,0.064516129032258,0.4032258064516129,0.3790322580645161,0.2177419354838709,0.2258064516129032,0.1290322580645161,0.032258064516129,0.1774193548387096,0.25,0.1854838709677419,2026-06-05
2022,663743,"Fortes, Nick",Nick Fortes,122,0.5573770491803278,0.4426229508196722,0.1557377049180328,0.180327868852459,0.1065573770491803,0.5081967213114754,0.3442622950819672,0.1475409836065573,0.319672131147541,0.180327868852459,0.0573770491803278,0.1885245901639344,0.1639344262295081,0.0901639344262295,2026-06-05
2022,656775,"Mullins, Cedric",Cedric Mullins,146,0.273972602739726,0.7260273972602739,0.3287671232876712,0.2123287671232876,0.184931506849315,0.4452054794520548,0.3150684931506849,0.2397260273972602,0.1438356164383561,0.0890410958904109,0.0410958904109589,0.3013698630136986,0.2260273972602739,0.1986301369863013,2026-06-05
2022,680700,"Palacios, Richie",Richie Palacios,89,0.4382022471910112,0.5617977528089888,0.1797752808988764,0.2584269662921348,0.1235955056179775,0.3258426966292135,0.4269662921348314,0.247191011235955,0.1348314606741573,0.2247191011235955,0.0786516853932584,0.1910112359550562,0.2022471910112359,0.1685393258426966,2026-06-05
2022,686527,"Canzone, Dominic",Dominic Canzone,101,0.4059405940594059,0.5940594059405941,0.2772277227722772,0.2673267326732673,0.0495049504950495,0.4356435643564356,0.3366336633663366,0.2277227722772277,0.2079207920792079,0.1584158415841584,0.0396039603960396,0.2277227722772277,0.1782178217821782,0.1881188118811881,2026-06-05
2022,545121,"Vargas, Ildemaro",Ildemaro Vargas,193,0.4352331606217616,0.5647668393782384,0.1865284974093264,0.2746113989637305,0.1036269430051813,0.4715025906735751,0.3730569948186528,0.155440414507772,0.2487046632124352,0.1502590673575129,0.0362694300518134,0.2227979274611399,0.2227979274611398,0.1191709844559585,2026-06-05
2022,699912,"Fernandez, Jose",Jose Fernandez,129,0.4961240310077519,0.5038759689922481,0.1317829457364341,0.2248062015503876,0.1472868217054263,0.4496124031007752,0.3100775193798449,0.2403100775193798,0.2713178294573643,0.1550387596899224,0.0697674418604651,0.1782945736434109,0.1550387596899224,0.1705426356589147,2026-06-05
2022,542303,"Ozuna, Marcell",Marcell Ozuna,118,0.288135593220339,0.711864406779661,0.3050847457627119,0.2711864406779661,0.135593220338983,0.3644067796610169,0.3644067796610169,0.2711864406779661,0.1779661016949152,0.1016949152542373,0.0084745762711864,0.1864406779661016,0.2627118644067796,0.2627118644067797,2026-06-05
2022,668804,"Reynolds, Bryan",Bryan Reynolds,165,0.5333333333333333,0.4666666666666667,0.2181818181818181,0.2363636363636363,0.0121212121212121,0.4303030303030303,0.3090909090909091,0.2606060606060606,0.2909090909090909,0.1757575757575757,0.0666666666666666,0.1393939393939394,0.1333333333333333,0.1939393939393939,2026-06-05
2022,661388,"Contreras, William",William Contreras,192,0.4322916666666667,0.5677083333333333,0.2447916666666666,0.2291666666666666,0.09375,0.3802083333333333,0.3697916666666667,0.25,0.21875,0.1822916666666666,0.03125,0.1614583333333333,0.1875,0.21875,2026-06-05
2022,686217,"Frelick, Sal",Sal Frelick,168,0.5416666666666666,0.4583333333333333,0.1785714285714285,0.1964285714285714,0.0833333333333333,0.4345238095238095,0.3630952380952381,0.2023809523809523,0.2857142857142857,0.1904761904761904,0.0654761904761904,0.1488095238095238,0.1726190476190476,0.1369047619047619,2026-06-05
2022,687401,"Ortiz, Joey",Joey Ortiz,100,0.54,0.4599999999999999,0.22,0.15,0.09,0.32,0.42,0.26,0.24,0.23,0.07,0.08,0.1899999999999999,0.19,2026-06-05
2022,650859,"Rengifo, Luis",Luis Rengifo,150,0.5333333333333333,0.4666666666666667,0.16,0.26,0.0466666666666666,0.3866666666666666,0.34,0.2733333333333333,0.24,0.2,0.0933333333333333,0.1466666666666666,0.14,0.18,2026-06-05
2022,691594,"Sanoja, Javier",Javier Sanoja,114,0.4736842105263157,0.5263157894736842,0.1666666666666666,0.2631578947368421,0.0964912280701754,0.4649122807017544,0.3771929824561403,0.1578947368421052,0.2368421052631578,0.1929824561403508,0.043859649122807,0.2280701754385965,0.1842105263157895,0.1140350877192982,2026-06-05
2022,665487,"Tatis Jr., Fernando",Fernando Tatis Jr.,176,0.5284090909090909,0.471590909090909,0.1875,0.25,0.034090909090909,0.2727272727272727,0.4318181818181818,0.2954545454545454,0.1875,0.2556818181818182,0.0852272727272727,0.0852272727272727,0.1761363636363636,0.2102272727272727,2026-06-05
2022,664023,"Happ, Ian",Ian Happ,140,0.3714285714285714,0.6285714285714286,0.3428571428571428,0.2071428571428571,0.0785714285714285,0.4642857142857143,0.3214285714285714,0.2142857142857142,0.1785714285714285,0.15,0.0428571428571428,0.2857142857142857,0.1714285714285714,0.1714285714285714,2026-06-05
2022,673548,"Suzuki, Seiya",Seiya Suzuki,128,0.3515625,0.6484375,0.265625,0.265625,0.1171875,0.390625,0.3359375,0.2734375,0.1875,0.1171875,0.046875,0.203125,0.21875,0.2265625,2026-06-05
2022,608348,"Kelly, Carson",Carson Kelly,117,0.452991452991453,0.5470085470085471,0.2393162393162393,0.2222222222222222,0.0854700854700854,0.3418803418803419,0.4444444444444444,0.2136752136752136,0.2222222222222222,0.2136752136752136,0.017094017094017,0.1196581196581196,0.2307692307692307,0.1965811965811965,2026-06-05
2022,805779,"Wilson, Jacob",Jacob Wilson,143,0.5104895104895105,0.4895104895104895,0.2097902097902098,0.2447552447552447,0.0349650349650349,0.3216783216783216,0.4125874125874126,0.2657342657342657,0.1958041958041958,0.2027972027972027,0.1118881118881118,0.1258741258741258,0.2097902097902098,0.1538461538461538,2026-06-05
2022,691016,"Soderstrom, Tyler",Tyler Soderstrom,175,0.44,0.5599999999999999,0.3085714285714285,0.1714285714285714,0.08,0.3828571428571428,0.4,0.2171428571428571,0.2057142857142857,0.2114285714285714,0.0228571428571428,0.1771428571428571,0.1885714285714285,0.1942857142857142,2026-06-05
2022,680869,"Gelof, Zack",Zack Gelof,111,0.4504504504504504,0.5495495495495496,0.2432432432432432,0.2072072072072072,0.0990990990990991,0.4054054054054054,0.3963963963963964,0.1981981981981982,0.2252252252252252,0.2162162162162162,0.009009009009009,0.1801801801801802,0.1801801801801801,0.1891891891891892,2026-06-05
2022,672960,"Okamoto, Kazuma",Kazuma Okamoto,142,0.4014084507042254,0.5985915492957746,0.3169014084507042,0.204225352112676,0.0774647887323943,0.4859154929577465,0.3380281690140845,0.176056338028169,0.2323943661971831,0.1408450704225352,0.028169014084507,0.2535211267605634,0.1971830985915492,0.1478873239436619,2026-06-05
2022,686681,"Massey, Michael",Michael Massey,105,0.3428571428571428,0.6571428571428571,0.419047619047619,0.2,0.0380952380952381,0.4571428571428571,0.3904761904761905,0.1523809523809524,0.2095238095238095,0.1238095238095238,0.0095238095238095,0.2476190476190476,0.2666666666666666,0.1428571428571428,2026-06-05
2022,677951,"Witt Jr., Bobby",Bobby Witt Jr.,201,0.3532338308457711,0.6467661691542289,0.2786069651741293,0.2786069651741293,0.0895522388059701,0.2786069651741293,0.4228855721393035,0.2985074626865671,0.154228855721393,0.154228855721393,0.044776119402985,0.1243781094527363,0.2686567164179104,0.253731343283582,2026-06-05
2022,518692,"Freeman, Freddie",Freddie Freeman,188,0.425531914893617,0.5744680851063829,0.2819148936170212,0.2446808510638297,0.0478723404255319,0.3404255319148936,0.3723404255319149,0.2872340425531915,0.1861702127659574,0.175531914893617,0.0638297872340425,0.1542553191489361,0.1968085106382978,0.2234042553191489,2026-06-05
2022,682657,"Martínez, Angel",Angel Martínez,157,0.4331210191082802,0.5668789808917197,0.2547770700636942,0.2356687898089172,0.0764331210191082,0.445859872611465,0.3503184713375796,0.2038216560509554,0.2165605095541401,0.1401273885350318,0.0764331210191082,0.2292993630573248,0.2101910828025477,0.1273885350318471,2026-06-05
2022,547180,"Harper, Bryce",Bryce Harper,171,0.4327485380116959,0.5672514619883041,0.2631578947368421,0.2690058479532163,0.0350877192982456,0.3684210526315789,0.4269005847953216,0.2046783625730994,0.2105263157894736,0.1988304093567251,0.023391812865497,0.1578947368421052,0.2280701754385964,0.1812865497076023,2026-06-05
2022,681082,"Stott, Bryson",Bryson Stott,163,0.4233128834355828,0.5766871165644172,0.2822085889570552,0.2085889570552147,0.0858895705521472,0.4049079754601227,0.3926380368098159,0.2024539877300613,0.2208588957055214,0.1533742331288343,0.0490797546012269,0.1840490797546012,0.2392638036809816,0.1533742331288343,2026-06-05
2022,666969,"García, Adolis",Adolis García,139,0.3884892086330935,0.6115107913669066,0.2230215827338129,0.302158273381295,0.0863309352517985,0.3453237410071942,0.4244604316546763,0.2302158273381295,0.2230215827338129,0.1510791366906475,0.014388489208633,0.1223021582733813,0.2733812949640288,0.2158273381294964,2026-06-05
2022,607208,"Turner, Trea",Trea Turner,192,0.46875,0.53125,0.3020833333333333,0.1979166666666666,0.03125,0.3177083333333333,0.3697916666666667,0.3125,0.1875,0.1875,0.09375,0.1302083333333333,0.1822916666666666,0.21875,2026-06-05
2022,683953,"Bazzana, Travis",Travis Bazzana,96,0.40625,0.59375,0.3125,0.1979166666666666,0.0833333333333333,0.3854166666666667,0.3854166666666667,0.2291666666666666,0.21875,0.1458333333333333,0.0416666666666666,0.1666666666666666,0.2395833333333333,0.1875,2026-06-05
2022,663616,"Larnach, Trevor",Trevor Larnach,119,0.4033613445378151,0.5966386554621849,0.226890756302521,0.2773109243697479,0.0924369747899159,0.4033613445378151,0.3949579831932773,0.2016806722689075,0.1764705882352941,0.1512605042016806,0.0756302521008403,0.226890756302521,0.2436974789915966,0.1260504201680672,2026-06-05
2022,670242,"Wallner, Matt",Matt Wallner,67,0.5074626865671642,0.4925373134328358,0.208955223880597,0.2388059701492537,0.044776119402985,0.4477611940298507,0.4029850746268656,0.1492537313432835,0.3283582089552239,0.1641791044776119,0.0149253731343283,0.1194029850746268,0.2388059701492537,0.1343283582089552,2026-06-05
2022,680777,"Jeffers, Ryan",Ryan Jeffers,101,0.3168316831683168,0.6831683168316832,0.3168316831683168,0.2277227722772277,0.1386138613861386,0.4059405940594059,0.3267326732673267,0.2673267326732673,0.198019801980198,0.0891089108910891,0.0297029702970297,0.2079207920792079,0.2376237623762376,0.2376237623762376,2026-06-05
2022,605137,"Bell, Josh",Josh Bell,165,0.3939393939393939,0.6060606060606061,0.2666666666666666,0.2666666666666666,0.0727272727272727,0.4666666666666667,0.3151515151515151,0.2181818181818181,0.2121212121212121,0.1272727272727272,0.0545454545454545,0.2545454545454545,0.1878787878787878,0.1636363636363636,2026-06-05
2022,683083,"Nuñez, Nasim",Nasim Nuñez,136,0.5294117647058824,0.4705882352941176,0.1911764705882352,0.2352941176470588,0.0441176470588235,0.3308823529411764,0.4485294117647059,0.2205882352941176,0.2352941176470588,0.213235294117647,0.0808823529411764,0.0955882352941176,0.2352941176470588,0.1397058823529411,2026-06-05
2022,695578,"Wood, James",James Wood,152,0.3881578947368421,0.6118421052631579,0.3157894736842105,0.2894736842105263,0.006578947368421,0.2828947368421052,0.3618421052631579,0.3552631578947368,0.1776315789473684,0.1578947368421052,0.0526315789473684,0.1052631578947368,0.2039473684210526,0.3026315789473684,2026-06-05
2022,690993,"Keith, Colt",Colt Keith,133,0.4135338345864661,0.5864661654135338,0.2406015037593984,0.2481203007518796,0.0977443609022556,0.3759398496240601,0.4060150375939849,0.2180451127819548,0.1954887218045112,0.1954887218045112,0.0225563909774436,0.1804511278195488,0.2105263157894736,0.1954887218045112,2026-06-05
2022,672761,"Pérez, Wenceel",Wenceel Pérez,122,0.4344262295081967,0.5655737704918034,0.3114754098360656,0.1229508196721311,0.1311475409836065,0.4508196721311475,0.2950819672131147,0.2540983606557377,0.2704918032786885,0.1147540983606557,0.0491803278688524,0.180327868852459,0.180327868852459,0.2049180327868852,2026-06-05
2022,676475,"Burleson, Alec",Alec Burleson,191,0.4397905759162304,0.5602094240837696,0.2827225130890052,0.2041884816753926,0.0732984293193717,0.4397905759162304,0.3089005235602094,0.2513089005235602,0.2722513089005235,0.1256544502617801,0.0418848167539267,0.1675392670157068,0.1832460732984293,0.2094240837696335,2026-06-05
2022,671739,"Harris II, Michael",Michael Harris II,175,0.44,0.56,0.2628571428571428,0.2285714285714285,0.0685714285714285,0.3257142857142857,0.4685714285714286,0.2057142857142857,0.16,0.2171428571428571,0.0628571428571428,0.1657142857142857,0.2514285714285714,0.1428571428571428,2026-06-05
2022,621566,"Olson, Matt",Matt Olson,186,0.3548387096774194,0.6451612903225807,0.3440860215053763,0.2096774193548387,0.0913978494623656,0.3494623655913978,0.3924731182795699,0.2580645161290322,0.1451612903225806,0.1559139784946236,0.053763440860215,0.2043010752688172,0.2365591397849462,0.2043010752688172,2026-06-05
2022,642086,"Smith, Dominic",Dominic Smith,113,0.3451327433628318,0.6548672566371683,0.336283185840708,0.2831858407079646,0.0353982300884955,0.2743362831858407,0.4601769911504424,0.2654867256637168,0.1150442477876106,0.1946902654867256,0.0353982300884955,0.15929203539823,0.2654867256637168,0.2300884955752212,2026-06-05
2022,663586,"Riley, Austin",Austin Riley,158,0.3924050632911392,0.6075949367088608,0.310126582278481,0.2088607594936709,0.0886075949367088,0.4367088607594936,0.310126582278481,0.2531645569620253,0.240506329113924,0.120253164556962,0.0316455696202531,0.1962025316455696,0.1898734177215189,0.2215189873417721,2026-06-05
2022,660670,"Acuña Jr., Ronald",Ronald Acuña Jr.,135,0.4148148148148148,0.5851851851851853,0.3037037037037037,0.2,0.0814814814814814,0.3777777777777777,0.3333333333333333,0.2888888888888888,0.1925925925925926,0.1629629629629629,0.0592592592592592,0.1851851851851851,0.1703703703703703,0.2296296296296296,2026-06-05
2022,695657,"Montgomery, Colson",Colson Montgomery,147,0.3401360544217687,0.6598639455782312,0.3401360544217687,0.2176870748299319,0.1020408163265306,0.5102040816326531,0.3061224489795918,0.1836734693877551,0.2312925170068027,0.0884353741496598,0.0204081632653061,0.2789115646258503,0.217687074829932,0.163265306122449,2026-06-05
2022,808959,"Murakami, Munetaka",Munetaka Murakami,121,0.4214876033057851,0.5785123966942148,0.4132231404958678,0.1239669421487603,0.0413223140495867,0.4380165289256198,0.3801652892561983,0.1818181818181818,0.2396694214876033,0.140495867768595,0.0413223140495867,0.1983471074380165,0.2396694214876033,0.140495867768595,2026-06-05
2022,666182,"Bichette, Bo",Bo Bichette,207,0.4830917874396135,0.5169082125603864,0.2657004830917874,0.2318840579710145,0.0193236714975845,0.2270531400966183,0.391304347826087,0.3816425120772946,0.1304347826086956,0.2270531400966183,0.1256038647342995,0.0966183574879227,0.1642512077294686,0.2560386473429951,2026-06-05
2022,701807,"Benge, Carson",Carson Benge,160,0.4375,0.5625,0.25,0.28125,0.03125,0.26875,0.425,0.30625,0.15625,0.21875,0.0625,0.1124999999999999,0.20625,0.24375,2026-06-05
2022,665742,"Soto, Juan",Juan Soto,140,0.4071428571428571,0.5928571428571429,0.3714285714285714,0.15,0.0714285714285714,0.3785714285714285,0.4428571428571428,0.1785714285714285,0.2,0.1857142857142857,0.0214285714285714,0.1785714285714285,0.2571428571428571,0.1571428571428571,2026-06-05
2022,592450,"Judge, Aaron",Aaron Judge,143,0.3846153846153846,0.6153846153846153,0.3216783216783216,0.2237762237762237,0.0699300699300699,0.4335664335664335,0.3146853146853147,0.2517482517482518,0.2517482517482518,0.0979020979020979,0.0349650349650349,0.1818181818181817,0.2167832167832167,0.2167832167832168,2026-06-05
2022,663757,"Grisham, Trent",Trent Grisham,160,0.3875,0.6125,0.31875,0.2,0.09375,0.40625,0.3875,0.20625,0.225,0.14375,0.01875,0.18125,0.24375,0.1875,2026-06-05
2022,669224,"Wells, Austin",Austin Wells,99,0.3737373737373737,0.6262626262626263,0.3333333333333333,0.1818181818181818,0.1111111111111111,0.4848484848484848,0.2828282828282828,0.2323232323232323,0.2626262626262626,0.0707070707070707,0.0404040404040404,0.2222222222222222,0.2121212121212121,0.1919191919191919,2026-06-05
2022,673962,"Jung, Josh",Josh Jung,182,0.4285714285714285,0.5714285714285714,0.2142857142857142,0.3131868131868132,0.0439560439560439,0.4175824175824176,0.3406593406593406,0.2417582417582417,0.2307692307692307,0.1538461538461538,0.0439560439560439,0.1868131868131868,0.1868131868131868,0.1978021978021978,2026-06-05
2022,607043,"Nimmo, Brandon",Brandon Nimmo,179,0.4134078212290503,0.5865921787709498,0.2905027932960894,0.2681564245810056,0.0279329608938547,0.2905027932960894,0.4748603351955307,0.2346368715083799,0.1620111731843575,0.1899441340782122,0.0614525139664804,0.1284916201117318,0.2849162011173184,0.1731843575418994,2026-06-05
2022,694728,"Matthews, Brice",Brice Matthews,97,0.5051546391752577,0.4948453608247423,0.2474226804123711,0.1855670103092783,0.0618556701030927,0.3814432989690721,0.4536082474226804,0.1649484536082474,0.2474226804123711,0.2164948453608247,0.0412371134020618,0.134020618556701,0.2371134020618556,0.1237113402061855,2026-06-05
2022,543877,"Vázquez, Christian",Christian Vázquez,102,0.4509803921568627,0.5490196078431373,0.2450980392156862,0.2254901960784313,0.0784313725490196,0.3529411764705882,0.3529411764705882,0.2941176470588235,0.2254901960784313,0.1862745098039215,0.0392156862745098,0.1274509803921568,0.1666666666666666,0.2549019607843137,2026-06-05
2022,687263,"Neto, Zach",Zach Neto,153,0.3137254901960784,0.6862745098039216,0.3725490196078431,0.2352941176470588,0.0784313725490196,0.4901960784313725,0.3137254901960784,0.196078431372549,0.2026143790849673,0.0915032679738562,0.0196078431372549,0.2875816993464052,0.2222222222222222,0.1764705882352941,2026-06-05
2022,681351,"O'Hoppe, Logan",Logan O'Hoppe,92,0.4239130434782608,0.5760869565217391,0.3043478260869565,0.1521739130434782,0.1195652173913043,0.4565217391304347,0.2717391304347826,0.2717391304347826,0.2391304347826087,0.108695652173913,0.0760869565217391,0.217391304347826,0.1630434782608695,0.1956521739130434,2026-06-05
2022,694384,"Schanuel, Nolan",Nolan Schanuel,160,0.4625,0.5375,0.175,0.3,0.0625,0.40625,0.3625,0.23125,0.21875,0.18125,0.0625,0.1875,0.18125,0.16875,2026-06-05
2022,666139,"Lowe, Josh",Josh Lowe,88,0.3636363636363636,0.6363636363636364,0.3522727272727273,0.1931818181818181,0.0909090909090909,0.3295454545454545,0.4545454545454545,0.2159090909090909,0.1818181818181818,0.1477272727272727,0.034090909090909,0.1477272727272727,0.3068181818181817,0.1818181818181818,2026-06-05
2022,681198,"Rumfield, TJ",TJ Rumfield,176,0.4318181818181818,0.5681818181818181,0.2443181818181818,0.2784090909090909,0.0454545454545454,0.4829545454545454,0.2840909090909091,0.2329545454545454,0.2613636363636363,0.125,0.0454545454545454,0.2215909090909091,0.1590909090909091,0.1875,2026-06-05
2022,664983,"McCarthy, Jake",Jake McCarthy,128,0.4375,0.5625,0.234375,0.25,0.078125,0.375,0.40625,0.21875,0.234375,0.171875,0.03125,0.140625,0.234375,0.1875,2026-06-05
2022,696100,"Goodman, Hunter",Hunter Goodman,136,0.3235294117647059,0.6764705882352942,0.3382352941176471,0.2720588235294117,0.0661764705882353,0.5367647058823529,0.3014705882352941,0.1617647058823529,0.1838235294117647,0.0955882352941176,0.0441176470588235,0.3529411764705882,0.2058823529411764,0.1176470588235294,2026-06-05
2022,691720,"Karros, Kyle",Kyle Karros,128,0.4296875,0.5703125,0.203125,0.3203125,0.046875,0.375,0.3984375,0.2265625,0.21875,0.171875,0.0390625,0.15625,0.2265625,0.1875,2026-06-05
2022,666397,"Julien, Edouard",Edouard Julien,102,0.4901960784313725,0.5098039215686275,0.2156862745098039,0.2745098039215686,0.0196078431372549,0.3725490196078431,0.4019607843137255,0.2254901960784313,0.2450980392156862,0.1764705882352941,0.0686274509803921,0.1274509803921568,0.2254901960784313,0.1568627450980392,2026-06-05
2022,670770,"Friedl, TJ",TJ Friedl,119,0.4873949579831932,0.5126050420168067,0.2100840336134453,0.2100840336134453,0.0924369747899159,0.3529411764705882,0.4201680672268907,0.226890756302521,0.2352941176470588,0.1764705882352941,0.0756302521008403,0.1176470588235294,0.2436974789915966,0.1512605042016807,2026-06-05
2022,680574,"McLain, Matt",Matt McLain,148,0.3716216216216216,0.6283783783783784,0.3378378378378378,0.1824324324324324,0.1081081081081081,0.3378378378378378,0.4054054054054054,0.2567567567567567,0.1756756756756756,0.1756756756756756,0.0202702702702702,0.1621621621621621,0.2297297297297297,0.2364864864864864,2026-06-05
2022,668709,"Bleday, JJ",JJ Bleday,94,0.2978723404255319,0.7021276595744681,0.3085106382978723,0.2872340425531915,0.1063829787234042,0.5319148936170213,0.3191489361702128,0.1489361702127659,0.2127659574468085,0.0744680851063829,0.0106382978723404,0.3191489361702128,0.2446808510638298,0.1382978723404255,2026-06-05
2022,701398,"Stewart, Sal",Sal Stewart,177,0.4463276836158192,0.5536723163841808,0.2768361581920904,0.2146892655367231,0.0621468926553672,0.3050847457627119,0.3615819209039548,0.3333333333333333,0.1638418079096045,0.231638418079096,0.0508474576271186,0.1412429378531073,0.1299435028248587,0.2824858757062146,2026-06-05
2022,553993,"Suárez, Eugenio",Eugenio Suárez,84,0.3809523809523809,0.6190476190476191,0.25,0.25,0.119047619047619,0.4404761904761904,0.3095238095238095,0.25,0.25,0.1309523809523809,0.0,0.1904761904761904,0.1785714285714285,0.25,2026-06-05
2022,666176,"Adell, Jo",Jo Adell,184,0.358695652173913,0.641304347826087,0.2717391304347826,0.266304347826087,0.1032608695652173,0.3804347826086957,0.358695652173913,0.2608695652173913,0.2119565217391304,0.125,0.0217391304347826,0.1684782608695652,0.233695652173913,0.2391304347826087,2026-06-05
2022,624585,"Soler, Jorge",Jorge Soler,141,0.4042553191489361,0.5957446808510638,0.2482269503546099,0.2836879432624113,0.0638297872340425,0.5177304964539007,0.2836879432624113,0.1985815602836879,0.2411347517730496,0.1063829787234042,0.0567375886524822,0.276595744680851,0.1773049645390071,0.1418439716312056,2026-06-05
2022,687093,"Grissom, Vaughn",Vaughn Grissom,120,0.4083333333333333,0.5916666666666667,0.3,0.25,0.0416666666666666,0.4416666666666666,0.375,0.1833333333333333,0.25,0.1416666666666666,0.0166666666666666,0.1916666666666666,0.2333333333333333,0.1666666666666666,2026-06-05
2022,545361,"Trout, Mike",Mike Trout,152,0.3289473684210526,0.6710526315789473,0.3684210526315789,0.2236842105263158,0.0789473684210526,0.4078947368421052,0.3486842105263157,0.2434210526315789,0.1842105263157894,0.1118421052631579,0.0328947368421052,0.2236842105263158,0.2368421052631578,0.2105263157894737,2026-06-05
2022,672724,"Peraza, Oswald",Oswald Peraza,128,0.4453125,0.5546875,0.2265625,0.28125,0.046875,0.359375,0.40625,0.234375,0.2109375,0.1875,0.046875,0.1484375,0.21875,0.1875,2026-06-05
2022,668715,"Steer, Spencer",Spencer Steer,162,0.3765432098765432,0.6234567901234568,0.3148148148148148,0.228395061728395,0.0802469135802469,0.4814814814814814,0.3086419753086419,0.2098765432098765,0.2037037037037037,0.1481481481481481,0.0246913580246913,0.2777777777777778,0.1604938271604938,0.1851851851851851,2026-06-05
2022,671218,"Ramos, Heliot",Heliot Ramos,119,0.5210084033613446,0.4789915966386555,0.2184873949579832,0.2352941176470588,0.0252100840336134,0.3529411764705882,0.4201680672268907,0.226890756302521,0.2521008403361344,0.2184873949579832,0.0504201680672268,0.1008403361344538,0.2016806722689075,0.1764705882352941,2026-06-05
2022,656305,"Chapman, Matt",Matt Chapman,177,0.4689265536723164,0.5310734463276836,0.1864406779661017,0.2090395480225988,0.135593220338983,0.3785310734463277,0.3446327683615819,0.2768361581920904,0.2146892655367231,0.1807909604519774,0.0734463276836158,0.1638418079096045,0.1638418079096045,0.2033898305084746,2026-06-05
2022,596115,"Story, Trevor",Trevor Story,110,0.4818181818181818,0.5181818181818182,0.209090909090909,0.2272727272727272,0.0818181818181818,0.4545454545454545,0.3545454545454545,0.1909090909090909,0.2454545454545454,0.1818181818181818,0.0545454545454545,0.209090909090909,0.1727272727272727,0.1363636363636363,2026-06-05
2022,691723,"Mayo, Coby",Coby Mayo,102,0.3725490196078431,0.6274509803921569,0.3333333333333333,0.196078431372549,0.0980392156862745,0.5294117647058824,0.3235294117647059,0.1470588235294117,0.196078431372549,0.1372549019607843,0.0392156862745098,0.3333333333333333,0.1862745098039215,0.1078431372549019,2026-06-05
2022,677942,"Alexander, Blaze",Blaze Alexander,96,0.4895833333333333,0.5104166666666667,0.1979166666666666,0.2916666666666667,0.0208333333333333,0.2916666666666667,0.40625,0.3020833333333333,0.2083333333333333,0.21875,0.0625,0.0833333333333333,0.1875,0.2395833333333333,2026-06-05
2022,681297,"Cowser, Colton",Colton Cowser,78,0.4871794871794871,0.5128205128205129,0.2948717948717949,0.1923076923076923,0.0256410256410256,0.3717948717948718,0.4102564102564102,0.2179487179487179,0.2051282051282051,0.2051282051282051,0.0769230769230769,0.1666666666666666,0.2051282051282051,0.141025641025641,2026-06-05
2022,665750,"Taveras, Leody",Leody Taveras,120,0.4333333333333333,0.5666666666666667,0.2166666666666666,0.25,0.1,0.325,0.4166666666666667,0.2583333333333333,0.1583333333333333,0.225,0.05,0.1666666666666666,0.1916666666666666,0.2083333333333333,2026-06-05
2022,677594,"Rodríguez, Julio",Julio Rodríguez,196,0.423469387755102,0.576530612244898,0.2602040816326531,0.2346938775510204,0.0816326530612244,0.3877551020408163,0.3979591836734694,0.2142857142857142,0.1989795918367347,0.1632653061224489,0.0612244897959183,0.1887755102040816,0.2346938775510204,0.1530612244897959,2026-06-05
2022,668227,"Arozarena, Randy",Randy Arozarena,174,0.5172413793103449,0.4827586206896552,0.2011494252873563,0.2528735632183908,0.028735632183908,0.3620689655172414,0.367816091954023,0.2701149425287356,0.2126436781609195,0.2068965517241379,0.0977011494252873,0.1494252873563218,0.160919540229885,0.1724137931034483,2026-06-05
2022,670042,"Raley, Luke",Luke Raley,104,0.3942307692307692,0.6057692307692308,0.3076923076923077,0.2403846153846154,0.0576923076923076,0.4807692307692308,0.2884615384615384,0.2307692307692307,0.2019230769230769,0.1538461538461538,0.0384615384615384,0.2788461538461538,0.1346153846153845,0.1923076923076923,2026-06-05
2022,666018,"Aranda, Jonathan",Jonathan Aranda,155,0.3612903225806451,0.6387096774193548,0.3225806451612903,0.2774193548387096,0.0387096774193548,0.3032258064516129,0.4580645161290322,0.2387096774193548,0.1032258064516129,0.2193548387096774,0.0387096774193548,0.2,0.2387096774193548,0.2,2026-06-05
2022,810938,"Williamson, Ben",Ben Williamson,99,0.5656565656565656,0.4343434343434343,0.1212121212121212,0.2929292929292929,0.0202020202020202,0.2727272727272727,0.3838383838383838,0.3434343434343434,0.1515151515151515,0.2626262626262626,0.1515151515151515,0.1212121212121211,0.1212121212121211,0.1919191919191919,2026-06-05
2022,672695,"Perdomo, Geraldo",Geraldo Perdomo,182,0.478021978021978,0.5219780219780219,0.2087912087912088,0.2692307692307692,0.0439560439560439,0.4505494505494505,0.3681318681318681,0.1813186813186813,0.2692307692307692,0.1593406593406593,0.0494505494505494,0.1813186813186813,0.2087912087912088,0.1318681318681318,2026-06-05
2022,656811,"O'Hearn, Ryan",Ryan O'Hearn,136,0.4485294117647059,0.5514705882352942,0.2867647058823529,0.2426470588235294,0.0220588235294117,0.3970588235294117,0.3161764705882353,0.2867647058823529,0.2205882352941176,0.1617647058823529,0.0661764705882353,0.1764705882352941,0.1544117647058823,0.2205882352941176,2026-06-05
2022,687462,"Horwitz, Spencer",Spencer Horwitz,163,0.4171779141104294,0.5828220858895706,0.2576687116564417,0.2147239263803681,0.1104294478527607,0.3926380368098159,0.3190184049079754,0.2883435582822086,0.2208588957055214,0.1288343558282208,0.0674846625766871,0.1717791411042944,0.1901840490797545,0.2208588957055214,2026-06-05
2022,804606,"Griffin, Konnor",Konnor Griffin,135,0.5333333333333333,0.4666666666666666,0.1851851851851851,0.2444444444444444,0.037037037037037,0.3925925925925926,0.3407407407407407,0.2666666666666666,0.2444444444444444,0.1851851851851851,0.1037037037037037,0.1481481481481481,0.1555555555555555,0.1629629629629629,2026-06-05
2022,665833,"Cruz, Oneil",Oneil Cruz,151,0.4768211920529801,0.5231788079470199,0.2450331125827814,0.2516556291390728,0.0264900662251655,0.423841059602649,0.3774834437086092,0.1986754966887417,0.2251655629139073,0.1655629139072847,0.086092715231788,0.1986754966887417,0.2119205298013244,0.1125827814569536,2026-06-05
2022,641343,"Bauers, Jake",Jake Bauers,138,0.4927536231884058,0.5072463768115942,0.2681159420289855,0.2028985507246377,0.036231884057971,0.4202898550724637,0.3188405797101449,0.2608695652173913,0.2826086956521739,0.1739130434782608,0.036231884057971,0.1376811594202898,0.144927536231884,0.2246376811594203,2026-06-05
2022,672640,"Lopez, Otto",Otto Lopez,207,0.5314009661835749,0.4685990338164251,0.2367149758454106,0.2077294685990338,0.0241545893719806,0.3091787439613526,0.3961352657004831,0.2946859903381642,0.1932367149758454,0.2318840579710145,0.1062801932367149,0.1159420289855072,0.1642512077294685,0.1884057971014492,2026-06-05
2022,683357,"Caissie, Owen",Owen Caissie,84,0.4166666666666667,0.5833333333333334,0.2738095238095238,0.2738095238095238,0.0357142857142857,0.2738095238095238,0.5238095238095238,0.2023809523809523,0.1547619047619047,0.2261904761904762,0.0357142857142857,0.119047619047619,0.2976190476190476,0.1666666666666666,2026-06-05
2022,689414,"Hicks, Liam",Liam Hicks,181,0.430939226519337,0.569060773480663,0.2651933701657458,0.2099447513812154,0.0939226519337016,0.4198895027624309,0.3480662983425414,0.2320441988950276,0.2375690607734806,0.143646408839779,0.0497237569060773,0.1823204419889502,0.2044198895027624,0.1823204419889502,2026-06-05
2022,669364,"Edwards, Xavier",Xavier Edwards,205,0.4585365853658537,0.5414634146341464,0.2195121951219512,0.2731707317073171,0.048780487804878,0.3219512195121951,0.3804878048780488,0.2975609756097561,0.2,0.1707317073170731,0.0878048780487804,0.1219512195121951,0.2097560975609756,0.2097560975609756,2026-06-05
2022,657656,"Laureano, Ramón",Ramón Laureano,119,0.4117647058823529,0.5882352941176471,0.3109243697478991,0.2184873949579832,0.0588235294117647,0.3529411764705882,0.3361344537815126,0.3109243697478991,0.1764705882352941,0.1596638655462184,0.0756302521008403,0.1764705882352941,0.1764705882352941,0.2352941176470588,2026-06-05
2022,593428,"Bogaerts, Xander",Xander Bogaerts,171,0.5146198830409356,0.4853801169590643,0.2573099415204678,0.1812865497076023,0.0467836257309941,0.4912280701754385,0.3040935672514619,0.2046783625730994,0.2865497076023391,0.1871345029239766,0.0409356725146198,0.2046783625730994,0.1169590643274853,0.1637426900584795,2026-06-05
2022,609280,"Andujar, Miguel",Miguel Andujar,149,0.5167785234899329,0.4832214765100671,0.1879194630872483,0.2147651006711409,0.0805369127516778,0.4228187919463087,0.3892617449664429,0.1879194630872483,0.2214765100671141,0.2147651006711409,0.0805369127516778,0.2013422818791946,0.174496644295302,0.1073825503355704,2026-06-05
2022,672515,"Moreno, Gabriel",Gabriel Moreno,104,0.3846153846153846,0.6153846153846154,0.3076923076923077,0.25,0.0576923076923076,0.3557692307692308,0.25,0.3942307692307692,0.1634615384615384,0.1346153846153846,0.0865384615384615,0.1923076923076923,0.1153846153846153,0.3076923076923077,2026-06-05
2022,683737,"Busch, Michael",Michael Busch,166,0.4096385542168674,0.5903614457831325,0.3554216867469879,0.1987951807228915,0.036144578313253,0.3614457831325301,0.3614457831325301,0.2771084337349397,0.2048192771084337,0.144578313253012,0.0602409638554216,0.1566265060240964,0.216867469879518,0.216867469879518,2026-06-05
2022,694208,"Ballesteros, Moisés",Moisés Ballesteros,106,0.4433962264150943,0.5566037735849056,0.2358490566037736,0.2452830188679245,0.0754716981132075,0.3396226415094339,0.3773584905660377,0.2830188679245283,0.1886792452830188,0.2075471698113207,0.0471698113207547,0.150943396226415,0.169811320754717,0.2358490566037736,2026-06-05
2022,681393,"Norby, Connor",Connor Norby,118,0.3898305084745763,0.6101694915254237,0.3644067796610169,0.1525423728813559,0.0932203389830508,0.3898305084745763,0.3983050847457627,0.211864406779661,0.2203389830508474,0.135593220338983,0.0338983050847457,0.1694915254237288,0.2627118644067796,0.1779661016949152,2026-06-05
2022,671732,"Butler, Lawrence",Lawrence Butler,106,0.5188679245283019,0.4811320754716981,0.1886792452830188,0.2452830188679245,0.0471698113207547,0.3584905660377358,0.3584905660377358,0.2830188679245283,0.2830188679245283,0.1792452830188679,0.0566037735849056,0.0754716981132075,0.1792452830188679,0.2264150943396226,2026-06-05
2022,665926,"Giménez, Andrés",Andrés Giménez,163,0.5276073619631901,0.4723926380368098,0.2208588957055214,0.1779141104294478,0.0736196319018405,0.3803680981595092,0.3374233128834356,0.2822085889570552,0.2576687116564417,0.2147239263803681,0.0552147239263803,0.1226993865030675,0.1226993865030674,0.2269938650306748,2026-06-05
2022,665489,"Guerrero Jr., Vladimir",Vladimir Guerrero Jr.,198,0.4898989898989899,0.51010101010101,0.1767676767676767,0.2525252525252525,0.0808080808080808,0.3535353535353535,0.3888888888888889,0.2575757575757575,0.202020202020202,0.202020202020202,0.0858585858585858,0.1515151515151515,0.1868686868686868,0.1717171717171717,2026-06-05
2022,660821,"Sánchez, Jesús",Jesús Sánchez,137,0.4306569343065693,0.5693430656934307,0.2554744525547445,0.2408759124087591,0.072992700729927,0.3065693430656934,0.4160583941605839,0.2773722627737226,0.1605839416058394,0.2043795620437956,0.0656934306569343,0.145985401459854,0.2116788321167883,0.2116788321167883,2026-06-05
2022,521692,"Perez, Salvador",Salvador Perez,186,0.3655913978494624,0.6344086021505376,0.3118279569892473,0.2365591397849462,0.086021505376344,0.3924731182795699,0.3010752688172043,0.3064516129032258,0.2043010752688172,0.1182795698924731,0.043010752688172,0.1881720430107526,0.1827956989247312,0.2634408602150537,2026-06-05
2022,695506,"Caglianone, Jac",Jac Caglianone,128,0.421875,0.578125,0.25,0.3046875,0.0234375,0.3984375,0.421875,0.1796875,0.2265625,0.1640625,0.03125,0.171875,0.2578125,0.1484375,2026-06-05
2022,663656,"Tucker, Kyle",Kyle Tucker,176,0.3522727272727273,0.6477272727272727,0.3068181818181818,0.2784090909090909,0.0625,0.4431818181818182,0.3409090909090909,0.2159090909090909,0.1931818181818181,0.1136363636363636,0.0454545454545454,0.25,0.2272727272727272,0.1704545454545454,2026-06-05
2022,690976,"Freeland, Alex",Alex Freeland,85,0.5176470588235295,0.4823529411764705,0.2705882352941176,0.1764705882352941,0.0352941176470588,0.3176470588235294,0.4352941176470588,0.2470588235294117,0.2,0.2588235294117647,0.0588235294117647,0.1176470588235293,0.1764705882352941,0.188235294117647,2026-06-05
2022,669257,"Smith, Will",Will Smith,142,0.2816901408450704,0.7183098591549296,0.380281690140845,0.2887323943661972,0.0492957746478873,0.3028169014084507,0.4154929577464789,0.2816901408450704,0.1478873239436619,0.1197183098591549,0.0140845070422535,0.1549295774647887,0.2957746478873239,0.2676056338028169,2026-06-05
2022,608070,"Ramírez, José",José Ramírez,204,0.2990196078431372,0.7009803921568627,0.3186274509803921,0.2745098039215686,0.1078431372549019,0.4754901960784313,0.3578431372549019,0.1666666666666666,0.1617647058823529,0.1127450980392156,0.0245098039215686,0.3137254901960784,0.2450980392156863,0.142156862745098,2026-06-05
2022,680757,"Kwan, Steven",Steven Kwan,183,0.4262295081967213,0.5737704918032787,0.2404371584699453,0.2459016393442623,0.087431693989071,0.3114754098360656,0.3715846994535519,0.3169398907103825,0.180327868852459,0.1475409836065573,0.0983606557377049,0.1311475409836065,0.2240437158469945,0.2185792349726776,2026-06-05
2022,800050,"DeLauter, Chase",Chase DeLauter,188,0.3936170212765957,0.6063829787234042,0.1968085106382978,0.2978723404255319,0.1117021276595744,0.3882978723404255,0.3297872340425531,0.2819148936170212,0.2127659574468085,0.1489361702127659,0.0319148936170212,0.175531914893617,0.1808510638297872,0.25,2026-06-05
2022,682177,"Schneemann, Daniel",Daniel Schneemann,106,0.4056603773584906,0.5943396226415094,0.2924528301886792,0.2641509433962264,0.0377358490566037,0.4339622641509434,0.3490566037735849,0.2169811320754717,0.2264150943396226,0.1509433962264151,0.0283018867924528,0.2075471698113207,0.1981132075471698,0.1886792452830188,2026-06-05
2022,669016,"Marsh, Brandon",Brandon Marsh,155,0.432258064516129,0.567741935483871,0.232258064516129,0.2967741935483871,0.0387096774193548,0.3612903225806451,0.3806451612903225,0.2580645161290322,0.1870967741935484,0.1806451612903225,0.064516129032258,0.1741935483870967,0.1999999999999999,0.1935483870967742,2026-06-05
2022,700932,"Manzardo, Kyle",Kyle Manzardo,105,0.3904761904761905,0.6095238095238096,0.2952380952380952,0.2285714285714285,0.0857142857142857,0.4476190476190476,0.4476190476190476,0.1047619047619047,0.2095238095238095,0.1523809523809524,0.0285714285714285,0.2380952380952381,0.2952380952380952,0.0761904761904762,2026-06-05
2022,621439,"Buxton, Byron",Byron Buxton,162,0.2839506172839506,0.7160493827160493,0.3765432098765432,0.1975308641975308,0.1419753086419753,0.4691358024691358,0.3086419753086419,0.2222222222222222,0.1666666666666666,0.0864197530864197,0.0308641975308641,0.3024691358024691,0.2222222222222222,0.191358024691358,2026-06-05
2022,605170,"Caratini, Victor",Victor Caratini,117,0.452991452991453,0.5470085470085471,0.2051282051282051,0.2905982905982906,0.0512820512820512,0.3418803418803419,0.4188034188034188,0.2393162393162393,0.188034188034188,0.1965811965811965,0.0683760683760683,0.1538461538461538,0.2222222222222222,0.1709401709401709,2026-06-05
2022,665019,"Clemens, Kody",Kody Clemens,131,0.3816793893129771,0.6183206106870229,0.3206106870229007,0.2213740458015267,0.0763358778625954,0.3816793893129771,0.3511450381679389,0.2671755725190839,0.1984732824427481,0.1374045801526717,0.0458015267175572,0.183206106870229,0.2137404580152671,0.2213740458015267,2026-06-05
2022,691781,"House, Brady",Brady House,114,0.5087719298245614,0.4912280701754385,0.2719298245614035,0.2105263157894736,0.0087719298245614,0.3596491228070175,0.4385964912280701,0.2017543859649122,0.2543859649122807,0.2017543859649122,0.0526315789473684,0.1052631578947368,0.2368421052631578,0.1491228070175438,2026-06-05
2022,678554,"Mead, Curtis",Curtis Mead,114,0.3859649122807017,0.6140350877192982,0.3508771929824561,0.2017543859649122,0.0614035087719298,0.4736842105263157,0.2894736842105263,0.2368421052631578,0.2543859649122807,0.1140350877192982,0.0175438596491228,0.219298245614035,0.1754385964912281,0.219298245614035,2026-06-05
2022,650402,"Torres, Gleyber",Gleyber Torres,104,0.4615384615384615,0.5384615384615385,0.2596153846153846,0.2596153846153846,0.0192307692307692,0.1826923076923076,0.4038461538461538,0.4134615384615384,0.125,0.2211538461538461,0.1153846153846153,0.0576923076923076,0.1826923076923077,0.298076923076923,2026-06-05
2022,691023,"Walker, Jordan",Jordan Walker,163,0.4110429447852761,0.588957055214724,0.2699386503067484,0.2453987730061349,0.0736196319018405,0.4049079754601227,0.3742331288343558,0.2208588957055214,0.2515337423312883,0.147239263803681,0.0122699386503067,0.1533742331288343,0.2269938650306748,0.2085889570552147,2026-06-05
2022,671056,"Herrera, Iván",Iván Herrera,180,0.5333333333333333,0.4666666666666667,0.1888888888888888,0.2055555555555555,0.0722222222222222,0.4055555555555555,0.3611111111111111,0.2333333333333333,0.2833333333333333,0.1777777777777777,0.0722222222222222,0.1222222222222222,0.1833333333333333,0.1611111111111111,2026-06-05
2022,686948,"Baldwin, Drake",Drake Baldwin,145,0.4413793103448276,0.5586206896551724,0.2482758620689655,0.2620689655172414,0.0482758620689655,0.3241379310344827,0.4551724137931034,0.2206896551724138,0.1655172413793103,0.2206896551724138,0.0551724137931034,0.1586206896551724,0.2344827586206896,0.1655172413793103,2026-06-05
2022,803011,"Antonacci, Sam",Sam Antonacci,128,0.4921875,0.5078125,0.1953125,0.2734375,0.0390625,0.2578125,0.4453125,0.296875,0.1640625,0.25,0.078125,0.09375,0.1953125,0.21875,2026-06-05
2022,643217,"Benintendi, Andrew",Andrew Benintendi,127,0.3385826771653543,0.6614173228346457,0.3228346456692913,0.2755905511811024,0.0629921259842519,0.5511811023622047,0.3464566929133858,0.1023622047244094,0.2047244094488189,0.1102362204724409,0.0236220472440944,0.3464566929133859,0.2362204724409448,0.0787401574803149,2026-06-05
2022,683146,"Baty, Brett",Brett Baty,127,0.4488188976377952,0.5511811023622047,0.2283464566929134,0.2677165354330709,0.0551181102362204,0.3779527559055118,0.3622047244094488,0.2598425196850393,0.2519685039370078,0.1574803149606299,0.0393700787401574,0.1259842519685039,0.2047244094488189,0.2204724409448819,2026-06-05
2022,641857,"McMahon, Ryan",Ryan McMahon,103,0.4466019417475728,0.5533980582524272,0.3398058252427184,0.174757281553398,0.0388349514563106,0.3592233009708738,0.3689320388349514,0.2718446601941747,0.233009708737864,0.1941747572815534,0.0194174757281553,0.1262135922330097,0.174757281553398,0.2524271844660194,2026-06-05
2022,669394,"Burger, Jake",Jake Burger,162,0.4444444444444444,0.5555555555555556,0.2530864197530864,0.2345679012345679,0.0679012345679012,0.4259259259259259,0.3703703703703703,0.2037037037037037,0.1851851851851851,0.2098765432098765,0.0493827160493827,0.2407407407407407,0.1604938271604938,0.1543209876543209,2026-06-05
2022,694497,"Carter, Evan",Evan Carter,130,0.3692307692307692,0.6307692307692307,0.3461538461538461,0.1846153846153846,0.1,0.3692307692307692,0.3846153846153846,0.2461538461538461,0.2153846153846154,0.123076923076923,0.0307692307692307,0.1538461538461538,0.2615384615384615,0.2153846153846154,2026-06-05
2022,677649,"Duran, Ezequiel",Ezequiel Duran,131,0.4809160305343511,0.5190839694656488,0.2137404580152671,0.2366412213740458,0.0687022900763358,0.3587786259541984,0.3816793893129771,0.2595419847328244,0.1984732824427481,0.2137404580152671,0.0687022900763358,0.1603053435114503,0.1679389312977099,0.1908396946564885,2026-06-05
2022,643376,"Jansen, Danny",Danny Jansen,84,0.3928571428571428,0.6071428571428571,0.2857142857142857,0.1547619047619047,0.1666666666666666,0.5714285714285714,0.2857142857142857,0.1428571428571428,0.2619047619047619,0.0952380952380952,0.0357142857142857,0.3095238095238095,0.1904761904761904,0.1071428571428571,2026-06-05
2022,572233,"Walker, Christian",Christian Walker,182,0.4505494505494505,0.5494505494505495,0.2802197802197802,0.1868131868131868,0.0824175824175824,0.4175824175824176,0.3516483516483517,0.2307692307692307,0.2142857142857142,0.1868131868131868,0.0494505494505494,0.2032967032967033,0.1648351648351648,0.1813186813186813,2026-06-05
2022,670541,"Alvarez, Yordan",Yordan Alvarez,182,0.2747252747252747,0.7252747252747254,0.3901098901098901,0.2802197802197802,0.0549450549450549,0.4395604395604395,0.3516483516483517,0.2087912087912088,0.1538461538461538,0.0769230769230769,0.0439560439560439,0.2857142857142857,0.2747252747252747,0.1648351648351648,2026-06-05
2022,514888,"Altuve, Jose",Jose Altuve,130,0.4846153846153846,0.5153846153846154,0.1769230769230769,0.2538461538461538,0.0846153846153846,0.4230769230769231,0.4692307692307692,0.1076923076923077,0.2153846153846154,0.2538461538461538,0.0153846153846153,0.2076923076923076,0.2153846153846154,0.0923076923076923,2026-06-05
2022,676391,"Clement, Ernie",Ernie Clement,220,0.3909090909090909,0.609090909090909,0.2545454545454545,0.2545454545454545,0.1,0.4590909090909091,0.3727272727272727,0.1681818181818181,0.2363636363636363,0.1409090909090909,0.0136363636363636,0.2227272727272727,0.2318181818181818,0.1545454545454545,2026-06-05
2022,686469,"Pasquantino, Vinnie",Vinnie Pasquantino,181,0.3259668508287293,0.6740331491712707,0.2762430939226519,0.2651933701657458,0.1325966850828729,0.4475138121546961,0.3370165745856354,0.2154696132596685,0.1933701657458563,0.0994475138121546,0.0331491712707182,0.2541436464088398,0.2375690607734807,0.1823204419889502,2026-06-05
2022,664728,"Isbel, Kyle",Kyle Isbel,121,0.4545454545454545,0.5454545454545454,0.1818181818181818,0.2644628099173554,0.0991735537190082,0.2975206611570248,0.371900826446281,0.3305785123966942,0.1735537190082644,0.140495867768595,0.140495867768595,0.1239669421487603,0.2314049586776859,0.1900826446280991,2026-06-05
2022,686555,"Collins, Isaac",Isaac Collins,117,0.3418803418803419,0.6581196581196581,0.2735042735042735,0.2564102564102564,0.1282051282051282,0.4273504273504273,0.3162393162393162,0.2564102564102564,0.2222222222222222,0.0854700854700854,0.0341880341880341,0.2051282051282051,0.2307692307692307,0.2222222222222222,2026-06-05
2022,672580,"Garcia, Maikel",Maikel Garcia,191,0.4397905759162304,0.5602094240837696,0.2041884816753926,0.2879581151832461,0.0680628272251308,0.3560209424083769,0.4136125654450261,0.2303664921465968,0.1780104712041884,0.225130890052356,0.0366492146596858,0.1780104712041884,0.1884816753926701,0.1937172774869109,2026-06-05
2022,660271,"Ohtani, Shohei",Shohei Ohtani,162,0.4135802469135802,0.5864197530864198,0.3148148148148148,0.2469135802469135,0.0246913580246913,0.5432098765432098,0.2407407407407407,0.2160493827160493,0.3086419753086419,0.0802469135802469,0.0246913580246913,0.2345679012345679,0.1604938271604938,0.191358024691358,2026-06-05
2022,606192,"Hernández, Teoscar",Teoscar Hernández,128,0.453125,0.546875,0.2734375,0.2265625,0.046875,0.3515625,0.390625,0.2578125,0.2109375,0.1796875,0.0625,0.140625,0.2109375,0.1953125,2026-06-05
2022,677587,"Rocchio, Brayan",Brayan Rocchio,173,0.4624277456647399,0.5375722543352601,0.2254335260115607,0.2254335260115607,0.0867052023121387,0.4277456647398844,0.3468208092485549,0.2254335260115607,0.2601156069364161,0.1618497109826589,0.0404624277456647,0.1676300578034682,0.1849710982658959,0.1849710982658959,2026-06-05
2022,592663,"Realmuto, J.T.",J.T. Realmuto,108,0.4351851851851852,0.5648148148148149,0.3148148148148148,0.2129629629629629,0.037037037037037,0.4166666666666667,0.3425925925925926,0.2407407407407407,0.2592592592592592,0.1388888888888889,0.037037037037037,0.1574074074074074,0.2037037037037037,0.2037037037037037,2026-06-05
2022,702222,"Crawford, Justin",Justin Crawford,140,0.6071428571428571,0.3928571428571428,0.1571428571428571,0.1857142857142857,0.05,0.3142857142857143,0.3928571428571428,0.2928571428571428,0.2285714285714285,0.25,0.1285714285714285,0.0857142857142857,0.1428571428571428,0.1642857142857143,2026-06-05
2022,656555,"Hoskins, Rhys",Rhys Hoskins,92,0.3152173913043478,0.6847826086956521,0.3478260869565217,0.1956521739130435,0.1413043478260869,0.5760869565217391,0.2065217391304347,0.217391304347826,0.2391304347826087,0.0434782608695652,0.0326086956521739,0.3369565217391304,0.1630434782608695,0.1847826086956521,2026-06-05
2022,807712,"Keaschall, Luke",Luke Keaschall,178,0.3876404494382022,0.6123595505617978,0.2808988764044944,0.2359550561797752,0.095505617977528,0.3370786516853932,0.3370786516853932,0.3258426966292135,0.2247191011235955,0.1179775280898876,0.0449438202247191,0.1123595505617977,0.2191011235955056,0.2808988764044944,2026-06-05
2022,668885,"Martin, Austin",Austin Martin,144,0.4722222222222222,0.5277777777777778,0.2361111111111111,0.2430555555555555,0.0486111111111111,0.3680555555555556,0.375,0.2569444444444444,0.2083333333333333,0.1875,0.0763888888888889,0.1597222222222222,0.1875,0.1805555555555555,2026-06-05
2022,671277,"García Jr., Luis",Luis García Jr.,159,0.4654088050314465,0.5345911949685535,0.1823899371069182,0.270440251572327,0.0817610062893081,0.3836477987421384,0.3836477987421384,0.2327044025157232,0.2389937106918239,0.1761006289308176,0.050314465408805,0.1446540880503145,0.2075471698113208,0.1823899371069182,2026-06-05
2022,663837,"Vierling, Matt",Matt Vierling,133,0.3834586466165413,0.6165413533834586,0.2857142857142857,0.2105263157894736,0.1203007518796992,0.3759398496240601,0.3909774436090225,0.2330827067669172,0.225563909774436,0.1353383458646616,0.0225563909774436,0.150375939849624,0.2556390977443609,0.2105263157894736,2026-06-05
2022,693307,"Dingler, Dillon",Dillon Dingler,158,0.360759493670886,0.6392405063291139,0.310126582278481,0.2594936708860759,0.0696202531645569,0.4240506329113924,0.3670886075949367,0.2088607594936709,0.2025316455696202,0.1265822784810126,0.0316455696202531,0.2215189873417721,0.240506329113924,0.1772151898734177,2026-06-05
2022,679529,"Torkelson, Spencer",Spencer Torkelson,132,0.2954545454545454,0.7045454545454546,0.3787878787878788,0.2878787878787879,0.0378787878787878,0.4621212121212121,0.3257575757575757,0.2121212121212121,0.1742424242424242,0.0833333333333333,0.0378787878787878,0.2878787878787878,0.2424242424242424,0.1742424242424242,2026-06-05
2022,682985,"Greene, Riley",Riley Greene,154,0.3896103896103896,0.6103896103896104,0.2922077922077922,0.2597402597402597,0.0584415584415584,0.3766233766233766,0.3961038961038961,0.2272727272727272,0.2012987012987013,0.1493506493506493,0.0389610389610389,0.1753246753246753,0.2467532467532467,0.1883116883116883,2026-06-05
2022,691026,"Winn, Masyn",Masyn Winn,156,0.4615384615384615,0.5384615384615385,0.1602564102564102,0.2692307692307692,0.1089743589743589,0.3076923076923077,0.4230769230769231,0.2692307692307692,0.173076923076923,0.2371794871794871,0.0512820512820512,0.1346153846153846,0.1858974358974359,0.2179487179487179,2026-06-05
2022,687363,"Scott II, Victor",Victor Scott II,118,0.5508474576271186,0.4491525423728814,0.1694915254237288,0.2288135593220339,0.0508474576271186,0.3644067796610169,0.423728813559322,0.211864406779661,0.2711864406779661,0.2288135593220339,0.0508474576271186,0.0932203389830508,0.1949152542372881,0.1610169491525423,2026-06-05
2022,669357,"Gorman, Nolan",Nolan Gorman,126,0.3095238095238095,0.6904761904761905,0.365079365079365,0.246031746031746,0.0793650793650793,0.4365079365079365,0.2936507936507936,0.2698412698412698,0.1587301587301587,0.1111111111111111,0.0396825396825396,0.2777777777777778,0.1825396825396825,0.2301587301587301,2026-06-05
2022,701675,"Church, Nathan",Nathan Church,115,0.4782608695652174,0.5217391304347826,0.217391304347826,0.208695652173913,0.0956521739130434,0.3478260869565217,0.4260869565217391,0.2260869565217391,0.1913043478260869,0.2434782608695652,0.0434782608695652,0.1565217391304347,0.1826086956521738,0.1826086956521739,2026-06-05
2022,643289,"Dubón, Mauricio",Mauricio Dubón,180,0.3611111111111111,0.6388888888888888,0.2777777777777778,0.2833333333333333,0.0777777777777777,0.2944444444444444,0.4222222222222222,0.2833333333333333,0.15,0.1611111111111111,0.05,0.1444444444444444,0.261111111111111,0.2333333333333333,2026-06-05
2022,543807,"Springer, George",George Springer,129,0.4573643410852713,0.5426356589147286,0.2558139534883721,0.1860465116279069,0.1007751937984496,0.4651162790697674,0.3255813953488372,0.2093023255813953,0.2713178294573643,0.1472868217054263,0.0387596899224806,0.1937984496124031,0.1782945736434108,0.1705426356589147,2026-06-05
2022,543760,"Semien, Marcus",Marcus Semien,178,0.3595505617977528,0.6404494382022472,0.2921348314606741,0.2528089887640449,0.095505617977528,0.4831460674157303,0.3707865168539326,0.146067415730337,0.2078651685393258,0.1235955056179775,0.0280898876404494,0.2752808988764045,0.247191011235955,0.1179775280898876,2026-06-05
2022,608369,"Seager, Corey",Corey Seager,108,0.4444444444444444,0.5555555555555556,0.2962962962962963,0.2129629629629629,0.0462962962962962,0.4629629629629629,0.3148148148148148,0.2222222222222222,0.287037037037037,0.1388888888888889,0.0185185185185185,0.1759259259259259,0.1759259259259259,0.2037037037037037,2026-06-05
2022,592626,"Pederson, Joc",Joc Pederson,119,0.3949579831932773,0.6050420168067228,0.2689075630252101,0.2857142857142857,0.0504201680672268,0.4117647058823529,0.3361344537815126,0.2521008403361344,0.1848739495798319,0.1428571428571428,0.0672268907563025,0.2268907563025209,0.1932773109243697,0.1848739495798319,2026-06-05
2022,621043,"Correa, Carlos",Carlos Correa,97,0.4742268041237113,0.5257731958762886,0.1649484536082474,0.3195876288659793,0.0412371134020618,0.4020618556701031,0.2989690721649484,0.2989690721649484,0.2061855670103092,0.134020618556701,0.134020618556701,0.1958762886597938,0.1649484536082474,0.1649484536082474,2026-06-05
2022,663993,"Lowe, Nathaniel",Nathaniel Lowe,97,0.4329896907216495,0.5670103092783504,0.2371134020618556,0.2886597938144329,0.0412371134020618,0.4329896907216495,0.3298969072164948,0.2371134020618556,0.268041237113402,0.134020618556701,0.0309278350515463,0.1649484536082474,0.1958762886597938,0.2061855670103092,2026-06-05
2022,650333,"Arraez, Luis",Luis Arraez,233,0.3948497854077253,0.6051502145922747,0.2832618025751073,0.278969957081545,0.0429184549356223,0.3175965665236051,0.3648068669527897,0.3175965665236051,0.1545064377682403,0.1974248927038626,0.0429184549356223,0.1630901287553647,0.167381974248927,0.2746781115879828,2026-06-05
2022,669477,"Schmitt, Casey",Casey Schmitt,173,0.3121387283236994,0.6878612716763006,0.3526011560693641,0.2138728323699422,0.1213872832369942,0.4335260115606936,0.3526011560693641,0.2138728323699422,0.1445086705202312,0.1329479768786127,0.0346820809248554,0.2890173410404624,0.2196531791907514,0.1791907514450867,2026-06-05
2022,642715,"Adames, Willy",Willy Adames,179,0.3351955307262569,0.6648044692737429,0.3240223463687151,0.2346368715083799,0.106145251396648,0.4804469273743016,0.2793296089385474,0.2402234636871508,0.217877094972067,0.0893854748603352,0.0279329608938547,0.2625698324022346,0.1899441340782122,0.2122905027932961,2026-06-05
2022,575929,"Contreras, Willson",Willson Contreras,149,0.4093959731543624,0.5906040268456376,0.2483221476510067,0.2281879194630872,0.1140939597315436,0.5167785234899329,0.3154362416107382,0.1677852348993288,0.2483221476510067,0.1342281879194631,0.0268456375838926,0.2684563758389262,0.1812080536912751,0.1409395973154362,2026-06-05
2022,678882,"Rafaela, Ceddanne",Ceddanne Rafaela,159,0.4276729559748428,0.5723270440251572,0.2578616352201258,0.270440251572327,0.0440251572327044,0.3396226415094339,0.3647798742138364,0.2955974842767295,0.1761006289308176,0.1698113207547169,0.0817610062893081,0.1635220125786163,0.1949685534591194,0.2138364779874214,2026-06-05
2022,807799,"Yoshida, Masataka",Masataka Yoshida,105,0.5047619047619047,0.4952380952380952,0.2571428571428571,0.1904761904761904,0.0476190476190476,0.4,0.3904761904761905,0.2095238095238095,0.2666666666666666,0.1904761904761904,0.0476190476190476,0.1333333333333333,0.2,0.1619047619047619,2026-06-05
2022,677800,"Abreu, Wilyer",Wilyer Abreu,187,0.3529411764705882,0.6470588235294118,0.3636363636363636,0.2245989304812834,0.0588235294117647,0.3422459893048128,0.3422459893048128,0.3155080213903743,0.1711229946524064,0.1390374331550802,0.0427807486631016,0.1711229946524064,0.2032085561497326,0.2727272727272727,2026-06-05
2022,624413,"Alonso, Pete",Pete Alonso,180,0.4277777777777777,0.5722222222222222,0.3111111111111111,0.2222222222222222,0.0388888888888888,0.3444444444444444,0.4222222222222222,0.2333333333333333,0.1777777777777777,0.2,0.05,0.1666666666666666,0.2222222222222222,0.1833333333333333,2026-06-05
2022,647304,"Naylor, Josh",Josh Naylor,196,0.4285714285714285,0.5714285714285714,0.2193877551020408,0.2295918367346938,0.1224489795918367,0.4591836734693877,0.3163265306122449,0.2244897959183673,0.2551020408163265,0.1326530612244898,0.0408163265306122,0.2040816326530612,0.1836734693877551,0.1836734693877551,2026-06-05
2022,650490,"Díaz, Yandy",Yandy Díaz,183,0.4972677595628415,0.5027322404371585,0.2185792349726776,0.2349726775956284,0.0491803278688524,0.2021857923497267,0.4754098360655737,0.3224043715846995,0.1202185792349726,0.2896174863387978,0.087431693989071,0.0819672131147541,0.1857923497267759,0.2349726775956284,2026-06-05
2022,691406,"Caminero, Junior",Junior Caminero,185,0.5081081081081081,0.4918918918918919,0.2162162162162162,0.1891891891891892,0.0864864864864864,0.4108108108108108,0.3945945945945946,0.1945945945945946,0.2108108108108108,0.2486486486486486,0.0486486486486486,0.2,0.1459459459459459,0.1459459459459459,2026-06-05
2022,670764,"Walls, Taylor",Taylor Walls,97,0.422680412371134,0.5773195876288659,0.2783505154639175,0.1752577319587628,0.1237113402061855,0.3608247422680412,0.3092783505154639,0.3298969072164948,0.2061855670103092,0.1443298969072164,0.0721649484536082,0.1546391752577319,0.1649484536082474,0.2577319587628865,2026-06-05
2022,571448,"Arenado, Nolan",Nolan Arenado,150,0.3733333333333333,0.6266666666666667,0.26,0.2533333333333333,0.1133333333333333,0.4733333333333333,0.3466666666666667,0.18,0.1866666666666666,0.12,0.0666666666666666,0.2866666666666666,0.2266666666666666,0.1133333333333333,2026-06-05
2022,682998,"Carroll, Corbin",Corbin Carroll,167,0.4311377245508982,0.5688622754491018,0.281437125748503,0.2155688622754491,0.0718562874251497,0.4251497005988024,0.3952095808383233,0.1796407185628742,0.2095808383233532,0.2035928143712574,0.0179640718562874,0.2155688622754491,0.1916167664670658,0.1616766467065868,2026-06-05
2022,680779,"Davis, Henry",Henry Davis,92,0.4021739130434782,0.5978260869565217,0.2391304347826087,0.1739130434782608,0.1847826086956521,0.5760869565217391,0.3152173913043478,0.108695652173913,0.25,0.1521739130434782,0.0,0.3260869565217391,0.1630434782608695,0.108695652173913,2026-06-05
2022,664040,"Lowe, Brandon",Brandon Lowe,161,0.3478260869565217,0.6521739130434782,0.3291925465838509,0.2298136645962732,0.093167701863354,0.453416149068323,0.3664596273291925,0.1801242236024844,0.1739130434782608,0.15527950310559,0.0186335403726708,0.2795031055900621,0.2111801242236025,0.1614906832298136,2026-06-05
2022,666152,"Hamilton, David",David Hamilton,119,0.5126050420168067,0.4873949579831933,0.2941176470588235,0.134453781512605,0.0588235294117647,0.3361344537815126,0.3109243697478991,0.3529411764705882,0.1932773109243697,0.1680672268907563,0.1512605042016806,0.1428571428571428,0.1428571428571428,0.2016806722689076,2026-06-05
2022,668930,"Turang, Brice",Brice Turang,151,0.4635761589403973,0.5364238410596026,0.23841059602649,0.2847682119205298,0.0132450331125827,0.23841059602649,0.4039735099337748,0.3576158940397351,0.1655629139072847,0.2052980132450331,0.0927152317880794,0.0728476821192052,0.1986754966887417,0.2649006622516556,2026-06-05
2022,669003,"Mitchell, Garrett",Garrett Mitchell,88,0.5454545454545454,0.4545454545454545,0.1818181818181818,0.2272727272727272,0.0454545454545454,0.2840909090909091,0.4318181818181818,0.2840909090909091,0.1931818181818181,0.2840909090909091,0.0681818181818181,0.0909090909090909,0.1477272727272727,0.2159090909090909,2026-06-05
2022,805300,"Marsee, Jakob",Jakob Marsee,159,0.3522012578616352,0.6477987421383647,0.2641509433962264,0.2452830188679245,0.1383647798742138,0.3773584905660377,0.3459119496855345,0.2767295597484276,0.1572327044025157,0.1320754716981132,0.0628930817610062,0.220125786163522,0.2138364779874213,0.2138364779874214,2026-06-05
2022,592518,"Machado, Manny",Manny Machado,160,0.44375,0.55625,0.225,0.24375,0.0875,0.43125,0.31875,0.25,0.21875,0.18125,0.04375,0.2125,0.1374999999999999,0.20625,2026-06-05
2022,608324,"Bregman, Alex",Alex Bregman,204,0.4019607843137255,0.5980392156862745,0.2254901960784313,0.2745098039215686,0.0980392156862745,0.4656862745098039,0.3676470588235294,0.1666666666666666,0.2352941176470588,0.1372549019607843,0.0294117647058823,0.2303921568627451,0.2303921568627451,0.1372549019607843,2026-06-05
2022,691718,"Crow-Armstrong, Pete",Pete Crow-Armstrong,166,0.3855421686746988,0.6144578313253013,0.3132530120481928,0.180722891566265,0.1204819277108433,0.4698795180722891,0.3132530120481928,0.216867469879518,0.2289156626506024,0.1144578313253012,0.0421686746987951,0.2409638554216867,0.1987951807228916,0.1746987951807229,2026-06-05
2022,669065,"Stowers, Kyle",Kyle Stowers,101,0.4158415841584158,0.5841584158415841,0.2673267326732673,0.2277227722772277,0.0891089108910891,0.4653465346534653,0.3564356435643564,0.1782178217821782,0.2574257425742574,0.1287128712871287,0.0297029702970297,0.2079207920792079,0.2277227722772277,0.1485148514851485,2026-06-05
2022,666126,"Cortes, Carlos",Carlos Cortes,128,0.4765625,0.5234375,0.203125,0.2578125,0.0625,0.2734375,0.4375,0.2890625,0.15625,0.265625,0.0546875,0.1171875,0.171875,0.234375,2026-06-05
2022,669127,"Langeliers, Shea",Shea Langeliers,182,0.3296703296703296,0.6703296703296704,0.3076923076923077,0.2362637362637362,0.1263736263736263,0.3956043956043956,0.3461538461538461,0.2582417582417582,0.1813186813186813,0.0989010989010989,0.0494505494505494,0.2142857142857142,0.2472527472527472,0.2087912087912088,2026-06-05
2022,592885,"Yelich, Christian",Christian Yelich,83,0.5903614457831325,0.4096385542168674,0.1927710843373494,0.2048192771084337,0.0120481927710843,0.3614457831325301,0.3614457831325301,0.2771084337349397,0.2891566265060241,0.2289156626506024,0.072289156626506,0.072289156626506,0.1325301204819277,0.2048192771084337,2026-06-05
