season,mlbam_id,name,throws,bats,birth_date,debut
2022,669935,A.J. Alexy,R,R,1998-04-21,2021-08-30
2021,595918,A.J. Cole,R,R,1992-01-05,2015-04-28
2022,607609,A.J. Ladwig,R,R,1992-12-24,2022-08-13
2024,621345,A.J. Minter,L,L,1993-09-02,2017-08-23
2024,640462,A.J. Puk,L,L,1995-04-25,2019-08-21
2021,573109,AJ Ramos,R,R,1986-09-20,2012-09-04
2024,700363,AJ Smith-Shawver,R,R,2002-11-20,2023-06-04
2024,676879,Aaron Ashby,L,R,1998-05-24,2021-06-30
2020,502578,Aaron Barrett,R,R,1988-01-02,2014-03-31
2024,605156,Aaron Brooks,R,R,1990-04-27,2014-05-03
2024,607481,Aaron Bummer,L,L,1993-09-21,2017-07-27
2024,650644,Aaron Civale,R,R,1995-06-12,2019-06-22
2022,667465,Aaron Fletcher,L,L,1996-02-25,2020-08-22
2023,571901,Aaron Loup,L,L,1987-12-19,2012-07-14
2024,605400,Aaron Nola,R,R,1993-06-04,2015-07-21
2021,573062,Aaron Northcraft,R,R,1990-05-28,2021-04-24
2022,592717,Aaron Sanchez,R,R,1992-07-01,2014-07-23
2021,642083,Aaron Slegers,R,R,1992-09-04,2017-08-17
2019,658792,Aaron Wilkerson,R,R,1989-05-24,2017-09-15
2024,682842,Abner Uribe,R,R,2000-06-20,2023-07-08
2019,606167,Adalberto Mejía,L,R,1993-06-20,2016-08-20
2024,643256,Adam Cimber,R,R,1990-08-15,2018-03-29
2021,543045,Adam Conley,L,L,1990-05-24,2015-06-10
2024,680572,Adam Kloffenstein,R,R,2000-08-25,2024-06-20
2023,592473,Adam Kolarek,L,L,1989-01-14,2017-06-29
2024,800049,Adam Mazur,R,R,2001-04-20,2024-06-04
2021,605388,Adam Morgan,L,L,1990-02-27,2015-06-21
2024,670124,Adam Oller,R,R,1994-10-17,2022-04-12
2024,493603,Adam Ottavino,R,S,1985-11-22,2010-05-29
2021,592644,Adam Plutko,R,R,1991-10-03,2016-09-24
2023,425794,Adam Wainwright,R,R,1981-08-30,2005-09-11
2019,476589,Adam Warren,R,R,1987-08-25,2012-06-29
2024,640470,Adbert Alzolay,R,R,1995-03-01,2019-06-20
2022,658431,Adonis Medina,R,R,1996-12-18,2020-09-20
2019,650738,Adonis Rosa,R,R,1994-11-17,2019-08-13
2024,605288,Adrian Houser,R,R,1993-02-02,2015-09-26
2024,670970,Adrian Morejon,L,L,1999-02-27,2019-07-21
2022,592716,Adrian Sampson,R,R,1991-10-07,2016-06-18
2023,661309,Adrián Martinez,R,R,1996-12-10,2022-05-10
2021,641384,Akeem Bostick,R,R,1995-05-04,2021-07-29
2024,641427,Alan Busenitz,R,R,1990-08-22,2017-06-17
2023,656061,Albert Abreu,R,R,1995-09-26,2020-08-08
2024,544150,Albert Suárez,R,R,1989-10-08,2016-05-08
2021,593604,Alberto Baldonado,L,L,1993-02-01,2021-09-02
2021,676424,Alec Bettinger,R,R,1995-07-13,2021-05-02
2024,679525,Alec Marsh,R,R,1998-05-14,2023-06-30
2023,621219,Alec Mills,R,R,1991-11-30,2016-05-18
2024,689690,Alek Jacob,R,L,1998-06-16,2023-07-15
2024,666201,Alek Manoah,R,R,1998-01-09,2021-05-27
2021,607468,Alex Blandino,R,R,1992-11-06,2018-04-10
2023,592222,Alex Claudio,L,L,1992-01-31,2014-08-13
2024,502171,Alex Cobb,R,R,1987-10-07,2011-05-01
2023,517008,Alex Colomé,R,R,1988-12-31,2013-05-30
2024,656412,Alex Faedo,R,R,1995-11-12,2022-05-04
2024,656638,Alex Lange,R,R,1995-10-02,2021-04-10
2021,656725,Alex McRae,R,R,1993-04-06,2018-08-01
2021,621052,Alex Reyes,R,R,1994-08-29,2016-08-09
2024,666208,Alex Speas,R,R,1998-03-04,2023-07-19
2024,681911,Alex Vesia,L,L,1996-04-11,2020-07-25
2022,649144,Alex Wells,L,L,1997-02-27,2021-06-26
2019,543935,Alex Wilson,R,R,1986-11-03,2013-04-11
2024,622072,Alex Wood,L,R,1991-01-12,2013-05-30
2024,622065,Alex Young,L,L,1993-09-09,2019-06-27
2024,664747,Alexis Díaz,R,R,1996-09-28,2022-04-08
2024,642216,Allan Winans,R,R,1995-08-10,2023-07-22
2019,543903,Allen Webster,R,R,1990-02-10,2013-04-21
2024,607237,Amir Garrett,L,R,1992-05-03,2017-04-07
2024,686294,Amos Willingham,R,R,1998-08-21,2023-06-28
2022,659262,Anderson Espinoza,R,R,1998-03-09,2022-05-30
2022,644429,Anderson Severino,L,L,1994-09-17,2022-04-14
2023,656578,Andre Jackson,R,R,1996-05-01,2021-08-16
2024,669467,Andre Pallante,R,R,1998-09-18,2022-04-10
2021,668687,Andre Scrubb,R,R,1995-01-13,2020-07-28
2024,671096,Andrew Abbott,L,L,1999-06-01,2023-06-05
2021,452027,Andrew Albers,L,R,1985-10-06,2013-08-06
2023,571479,Andrew Bellatti,R,R,1991-08-05,2015-05-09
2019,488768,Andrew Cashner,R,R,1986-09-11,2010-05-31
2024,605177,Andrew Chafin,L,R,1990-06-17,2014-08-13
2024,571760,Andrew Heaney,L,L,1991-06-05,2014-06-19
2024,552640,Andrew Kittredge,R,R,1990-03-17,2017-07-18
2021,453192,Andrew Miller,L,L,1985-05-21,2006-08-30
2019,621058,Andrew Moore,R,R,1994-06-02,2017-06-22
2024,677053,Andrew Nardi,L,L,1998-08-18,2022-08-16
2024,685314,Andrew Saalfrank,L,L,1997-08-18,2023-09-05
2023,605498,Andrew Suárez,L,L,1992-09-11,2018-04-11
2020,592811,Andrew Triggs,R,R,1989-03-16,2016-04-25
2023,607755,Andrew Vasquez,L,L,1993-09-14,2018-09-01
2024,689958,Andrew Walters,R,R,2000-12-08,2024-09-12
2024,681806,Andrew Wantz,R,R,1995-10-13,2021-07-04
2023,600921,Andrés Machado,R,R,1993-04-22,2017-09-02
2024,662253,Andrés Muñoz,R,R,1999-01-16,2019-07-12
2022,656008,Aneurys Zabala,R,R,1996-12-21,2022-06-12
2024,683409,Angel Chivilli,R,R,2002-07-28,2024-06-03
2022,669804,Angel De Jesus,R,R,1997-02-13,2022-04-23
2023,665734,Angel Felipe,R,R,1997-08-30,2023-07-07
2023,622780,Angel Perdomo,L,L,1994-05-07,2020-08-18
2022,667373,Angel Rondón,R,R,1997-12-01,2021-06-06
2024,672582,Angel Zerpa,L,L,1999-09-27,2021-09-30
2024,607455,Anthony Banda,L,L,1993-08-10,2017-07-22
2023,542914,Anthony Bass,R,R,1987-11-01,2011-06-13
2024,669622,Anthony Bender,R,R,1995-02-03,2021-05-05
2022,621593,Anthony Castro,R,R,1995-04-13,2020-07-27
2023,543101,Anthony DeSclafani,R,R,1990-04-18,2014-05-14
2024,543238,Anthony Gose,L,L,1990-08-10,2012-07-17
2023,641743,Anthony Kay,L,L,1995-03-21,2019-09-07
2024,687424,Anthony Maldonado,R,R,1998-02-06,2024-04-26
2024,664948,Anthony Misiewicz,L,R,1994-11-01,2020-07-24
2024,683627,Anthony Molina,R,R,2002-01-12,2024-03-28
2021,461872,Anthony Swarzak,R,R,1985-09-10,2009-05-23
2024,685107,Anthony Veneziano,L,L,1997-09-01,2023-09-26
2021,665733,Antonio Santos,R,R,1996-10-06,2020-09-01
2024,622608,Antonio Senzatela,R,R,1995-01-21,2017-04-06
2022,434671,Aníbal Sánchez,R,R,1984-02-27,2006-06-25
2023,605151,Archie Bradley,R,R,1992-08-10,2015-04-11
2020,642558,Ariel Jurado,R,R,1996-01-30,2018-05-19
2022,527055,Arodys Vizcaíno,R,R,1990-11-13,2011-08-10
2024,547973,Aroldis Chapman,L,L,1988-02-28,2010-08-31
2022,605521,Art Warren,R,R,1993-03-23,2019-09-12
2020,592499,Artie Lewicki,R,R,1992-04-08,2017-09-04
2021,592879,Asher Wojciechowski,R,R,1988-12-21,2015-04-09
2022,623485,Ashton Goudeau,R,R,1992-07-23,2020-08-19
2019,657117,Austen Williams,R,R,1992-12-19,2018-09-02
2019,542866,Austin Adams,R,R,1986-08-19,2014-07-12
2024,613534,Austin Adams,R,R,1991-05-05,2017-07-15
2022,592169,Austin Brice,R,R,1992-06-19,2016-08-12
2023,680735,Austin Cox,L,L,1997-03-28,2023-05-04
2024,656354,Austin Davis,L,L,1993-02-03,2018-06-20
2024,596295,Austin Gomber,L,L,1993-11-23,2018-06-02
2024,685116,Austin Kitchen,L,L,1997-02-11,2024-07-30
2024,643493,Austin Pruitt,R,R,1989-08-31,2017-04-02
2024,608723,Austin Voth,R,R,1992-06-26,2018-07-14
2024,681810,Austin Warren,R,R,1996-02-05,2021-07-29
2024,663559,Bailey Falter,L,R,1997-04-24,2021-04-25
2024,690544,Bailey Horn,L,L,1998-01-15,2024-06-29
2024,641927,Bailey Ober,R,R,1995-07-12,2021-05-18
2024,689225,Beau Brieske,R,R,1998-04-04,2022-04-23
2021,663366,Beau Burrows,R,R,1996-09-18,2020-07-27
2022,676641,Beau Sulser,R,R,1994-05-05,2022-04-26
2021,641386,Ben Bowden,L,L,1994-10-21,2021-04-02
2020,664069,Ben Braymer,L,L,1994-04-28,2020-08-28
2024,676962,Ben Brown,R,R,1999-09-09,2024-03-30
2024,676508,Ben Casparius,R,R,1999-02-11,2024-08-31
2024,621294,Ben Heller,R,R,1991-08-05,2016-08-26
2024,690829,Ben Joyce,R,R,2000-09-17,2023-05-29
2024,594902,Ben Lively,R,R,1992-03-05,2017-06-03
2021,594985,Ben Rowen,R,R,1988-11-15,2014-06-15
2023,656986,Bennett Sousa,L,L,1995-04-06,2022-04-08
2021,641576,Bernardo Flores Jr.,L,L,1995-08-23,2020-09-03
2021,543278,Blaine Hardy,L,L,1987-03-14,2014-06-16
2023,663971,Blair Calvo,R,R,1996-02-27,2023-05-30
2024,668874,Blair Henley,R,R,1997-05-14,2024-04-08
2020,664977,Blake Cederlind,R,R,1996-01-04,2020-09-15
2021,453284,Blake Parker,R,R,1985-06-19,2012-05-17
2024,605483,Blake Snell,L,L,1992-12-04,2016-04-23
2022,642130,Blake Taylor,L,L,1995-08-17,2020-07-24
2024,595014,Blake Treinen,R,R,1988-06-30,2014-04-12
2024,686796,Blake Walston,L,L,2001-06-28,2024-05-01
2024,676272,Bobby Miller,R,L,1999-04-05,2023-05-23
2019,596074,Bobby Poyner,L,L,1992-12-01,2018-03-31
2020,592833,Bobby Wahl,R,R,1992-03-21,2017-05-03
2024,670102,Bowden Francis,R,R,1996-04-22,2022-04-27
2023,502202,Brad Boxberger,R,R,1988-05-27,2012-06-10
2021,542960,Brad Brach,R,R,1986-04-12,2011-08-31
2023,543272,Brad Hand,L,L,1990-03-20,2011-06-07
2024,641745,Brad Keller,R,R,1995-07-27,2018-03-29
2021,502748,Brad Peacock,R,R,1988-02-02,2011-09-06
2021,623364,Brad Wieck,L,L,1991-10-14,2018-09-14
2023,668754,Braden Bristo,R,R,1994-11-01,2023-04-13
2024,687134,Bradley Blalock,R,R,2000-12-25,2024-06-20
2024,669620,Brady Basso,L,R,1997-10-08,2024-05-31
2024,621399,Brady Feigl,L,R,1990-12-27,2024-08-26
2021,621078,Brady Lail,R,R,1993-08-09,2019-08-12
2019,572086,Brady Rodgers,R,R,1990-09-17,2016-09-03
2024,663903,Brady Singer,R,R,1996-08-04,2020-07-25
2020,666622,Brailyn Marquez,L,L,1999-01-30,2020-09-27
2020,571858,Branden Kline,R,R,1991-09-29,2019-04-20
2020,669064,Brandon Bailey,R,R,1994-10-19,2020-07-26
2024,656232,Brandon Bielak,R,L,1996-04-02,2020-07-27
2021,592165,Brandon Brennan,R,R,1991-07-26,2019-03-21
2021,505447,Brandon Dickson,R,R,1984-11-03,2011-07-02
2024,685126,Brandon Eisert,L,L,1998-01-19,2024-06-17
2024,676714,Brandon Hughes,L,S,1995-12-01,2022-05-17
2021,445213,Brandon Kintzler,R,R,1984-08-01,2010-09-10
2024,605335,Brandon Leibrandt,L,L,1992-12-13,2020-08-23
2024,694297,Brandon Pfaadt,R,R,1998-10-15,2023-05-03
2021,663399,Brandon Waddell,L,L,1994-06-03,2020-08-14
2023,687888,Brandon Walter,L,L,1996-09-08,2023-06-22
2024,682227,Brandon Williamson,L,R,1998-04-02,2023-05-16
2023,605540,Brandon Woodruff,R,L,1993-02-10,2017-08-04
2021,519443,Brandon Workman,R,R,1988-08-13,2013-07-10
2021,670087,Brandyn Sittinger,R,R,1994-06-06,2021-09-08
2024,676428,Brant Hurter,L,L,1998-09-06,2024-08-04
2024,666129,Braxton Garrett,L,R,1997-08-05,2020-09-13
2024,678394,Brayan Bello,R,R,1999-05-17,2022-07-06
2024,669724,Brenan Hanifee,R,R,1998-05-29,2023-09-21
2019,656713,Brendan McKay,L,L,1995-12-18,2019-06-29
2023,686839,Brendan White,R,R,1998-11-18,2023-06-14
2024,663893,Brendon Little,L,L,1996-08-11,2022-08-30
2024,657514,Brennan Bernardino,L,L,1992-01-15,2022-07-31
2024,687396,Brent Headrick,L,L,1997-12-17,2023-04-19
2024,641703,Brent Honeywell,R,R,1995-03-31,2021-04-11
2024,608718,Brent Suter,L,L,1989-08-29,2016-08-19
2021,474463,Brett Anderson,L,L,1988-02-01,2009-04-10
2020,518649,Brett Eibner,R,R,1988-12-02,2016-05-27
2023,664028,Brett Kennedy,R,R,1994-08-04,2018-08-08
2022,656685,Brett Martin,L,L,1995-04-28,2019-04-19
2023,621433,Brett Phillips,R,L,1994-05-30,2017-06-05
2024,676969,Brett de Geus,R,R,1997-11-04,2021-04-01
2019,543169,Brian Flynn,L,L,1990-04-19,2013-09-04
2019,598271,Brian Johnson,L,L,1990-12-07,2015-07-21
2022,572383,Brian Moran,L,L,1988-09-30,2019-09-05
2019,489295,Brian Schlitter,R,R,1985-12-21,2010-06-28
2024,656271,Brock Burke,L,L,1996-08-04,2019-08-20
2024,592779,Brock Stewart,R,L,1991-10-03,2016-06-29
2021,621259,Brody Koerner,R,R,1993-10-17,2021-08-03
2023,621139,Brooks Kriske,R,R,1994-02-03,2020-07-29
2019,572044,Brooks Pounders,R,R,1990-09-26,2016-07-05
2024,548384,Brooks Raley,L,L,1988-06-29,2012-08-07
2023,669145,Bruce Zimmermann,L,L,1995-02-09,2020-09-17
2024,660813,Brusdar Graterol,R,R,1998-08-26,2019-09-01
2024,650556,Bryan Abreu,R,R,1997-04-22,2019-07-31
2024,641329,Bryan Baker,R,R,1994-12-02,2021-09-05
2022,650530,Bryan Garcia,R,R,1995-04-19,2019-09-02
2024,663773,Bryan Hoeing,R,R,1996-10-19,2022-08-20
2024,663542,Bryan Hudson,L,L,1997-05-08,2023-06-17
2024,687911,Bryan King,L,R,1996-11-05,2024-06-23
2021,571951,Bryan Mitchell,R,L,1991-04-19,2014-08-10
2024,676614,Bryan Sammons,L,L,1995-04-27,2024-07-29
2024,543766,Bryan Shaw,R,S,1987-11-08,2011-06-10
2024,693433,Bryan Woo,R,R,2000-01-30,2023-06-03
2024,693821,Bryce Elder,R,R,1999-05-19,2022-04-12
2024,686826,Bryce Jarvis,R,L,1997-12-26,2023-08-15
2024,682243,Bryce Miller,R,R,1998-08-23,2023-05-02
2022,656755,Bryce Montes de Oca,R,R,1996-04-23,2022-09-03
2024,669060,Bryse Wilson,R,R,1997-12-20,2018-08-20
2022,657745,Bubby Rossman,R,S,1992-06-29,2022-07-13
2024,571656,Buck Farmer,R,L,1991-02-20,2014-08-13
2019,542953,Buddy Boshers,L,L,1988-05-09,2013-08-10
2024,572143,Burch Smith,R,R,1990-04-12,2013-05-11
2019,282332,CC Sabathia,L,L,1980-07-21,2001-04-08
2022,676917,Cade Cavalli,R,R,1998-08-14,2022-08-26
2024,700249,Cade Povich,L,L,2000-04-12,2024-06-06
2024,671922,Cade Smith,R,R,1999-05-09,2024-03-30
2024,702674,Caden Dana,R,L,2003-12-17,2024-09-01
2024,615698,Cal Quantrill,R,L,1995-02-10,2019-05-01
2021,670056,Caleb Baragar,L,R,1994-04-09,2020-07-25
2024,676961,Caleb Boushley,R,R,1993-10-01,2023-09-29
2024,657571,Caleb Ferguson,L,R,1996-07-02,2018-06-06
2019,621350,Caleb Frare,L,L,1993-07-08,2018-09-02
2024,668873,Caleb Kilian,R,R,1997-06-02,2022-06-04
2022,592761,Caleb Smith,L,R,1991-07-28,2017-07-17
2024,573204,Caleb Thielbar,L,R,1987-01-31,2013-05-20
2024,676534,Calvin Faucher,R,R,1995-09-22,2022-05-09
2022,682027,Cam Alldred,L,L,1996-07-25,2022-05-12
2021,592135,Cam Bedrosian,R,R,1991-10-02,2014-06-03
2024,592155,Cam Booser,L,L,1992-05-04,2024-04-19
2020,657611,Cam Hill,R,R,1994-05-24,2020-07-26
2022,664944,Cam Vieaux,L,L,1993-12-05,2022-06-17
2024,666808,Camilo Doval,R,R,1997-07-04,2021-04-18
2024,605218,Carl Edwards Jr.,R,R,1991-09-03,2015-09-07
2024,471911,Carlos Carrasco,R,R,1987-03-21,2009-09-01
2024,608032,Carlos Estévez,R,R,1992-12-28,2016-04-23
2024,672578,Carlos Hernández,R,R,1997-03-11,2020-09-01
2021,593372,Carlos Martinez,R,R,1991-09-21,2013-05-03
2024,692230,Carlos Rodriguez,R,R,2001-11-27,2024-06-11
2024,607074,Carlos Rodón,L,L,1992-12-10,2015-04-21
2020,656004,Carlos Sanabria,R,R,1997-01-24,2020-08-05
2019,448614,Carlos Torres,R,R,1982-10-22,2009-07-22
2023,672841,Carlos Vargas,R,R,1999-10-13,2023-03-30
2024,669387,Carmen Mlodzinski,R,R,1999-02-19,2023-06-16
2024,608334,Carson Fulmer,R,R,1993-12-13,2016-07-17
2024,686730,Carson Spiers,R,R,1997-11-11,2023-09-03
2024,543391,Casey Kelly,R,R,1989-10-04,2012-08-27
2023,596271,Casey Lawrence,R,R,1987-10-28,2017-04-08
2024,668984,Casey Legumina,R,R,1997-06-19,2023-04-15
2024,663554,Casey Mize,R,R,1997-05-01,2020-08-19
2021,594987,Casey Sadler,R,R,1990-07-13,2014-05-02
2019,518452,Chad Bettis,R,R,1989-04-26,2013-08-01
2024,643338,Chad Green,R,L,1991-05-24,2016-05-16
2024,641771,Chad Kuhl,R,R,1992-09-10,2016-06-26
2023,663385,Chad Smith,R,R,1995-06-08,2022-05-29
2020,656977,Chad Sobotka,R,R,1993-07-10,2018-08-10
2020,664856,Chance Adams,R,R,1994-08-10,2018-08-04
2019,605469,Chandler Shepherd,R,R,1992-08-25,2019-08-13
2021,656212,Charlie Barnes,L,L,1995-10-01,2021-07-17
2024,450203,Charlie Morton,R,R,1983-11-12,2008-06-14
2024,502624,Chase Anderson,R,R,1987-11-30,2014-05-11
2023,608328,Chase De Jong,R,L,1993-12-29,2017-04-05
2024,663767,Chase Shugart,R,L,1996-10-24,2024-08-15
2024,681217,Chase Silseth,R,R,2000-05-18,2022-05-13
2019,607473,Chasen Bradford,R,R,1989-08-05,2017-06-25
2024,592741,Chasen Shreve,L,L,1990-07-12,2014-07-19
2024,694646,Chayce McDermott,R,L,1998-08-22,2024-07-24
2021,475054,Chaz Roe,R,R,1986-10-09,2013-07-01
2023,592346,Chi Chi González,R,R,1992-01-15,2015-05-30
2022,502042,Chris Archer,R,R,1988-09-26,2012-06-20
2024,605135,Chris Bassitt,R,R,1989-02-22,2014-08-30
2024,606965,Chris Devenski,R,R,1990-11-13,2016-04-08
2022,595939,Chris Ellis,R,L,1992-09-22,2019-03-31
2024,623167,Chris Flexen,R,R,1994-07-01,2017-07-27
2024,455119,Chris Martin,R,R,1986-06-02,2014-04-26
2022,607391,Chris Mazza,R,R,1989-10-17,2019-06-29
2023,669684,Chris Murphy,L,L,1998-06-05,2023-06-07
2024,663978,Chris Paddack,R,R,1996-01-08,2019-03-31
2021,669735,Chris Rodriguez,R,R,1998-07-20,2021-04-02
2024,688297,Chris Roycroft,R,R,1997-06-21,2024-05-07
2020,543734,Chris Rusin,L,L,1986-10-22,2012-08-21
2024,519242,Chris Sale,L,L,1989-03-30,2010-08-06
2024,608717,Chris Stratton,R,R,1990-08-22,2016-05-30
2023,681808,Chris Vallimont,R,R,1997-03-18,2023-07-03
2024,681035,Christian Scott,R,R,1999-06-15,2024-05-04
2024,672335,Cionel Pérez,L,R,1996-04-21,2018-07-11
2024,657376,Clarke Schmidt,R,R,1996-02-20,2020-09-04
2019,453329,Clay Buchholz,R,L,1984-08-14,2007-08-17
2024,605280,Clay Holmes,R,R,1993-03-27,2018-04-06
2024,677076,Clayton Andrews,L,L,1997-01-04,2023-07-01
2024,690925,Clayton Beeter,R,R,1998-10-09,2024-03-29
2024,477132,Clayton Kershaw,L,L,1988-03-19,2008-05-25
2019,453385,Clayton Richard,L,L,1983-09-12,2008-07-23
2021,676051,Codi Heuer,R,R,1996-07-03,2020-07-24
2019,592102,Cody Allen,R,R,1988-11-20,2012-07-20
2019,594736,Cody Anderson,R,R,1990-09-14,2015-06-21
2024,675989,Cody Bolton,R,R,1998-06-19,2023-04-29
2024,674003,Cody Bradford,L,L,1998-02-22,2023-05-15
2020,606944,Cody Carroll,R,R,1992-10-15,2018-08-01
2023,663752,Cody Morris,R,R,1996-11-04,2022-09-02
2021,664074,Cody Ponce,R,R,1994-04-25,2020-08-02
2024,547001,Cody Poteet,R,R,1994-07-30,2021-05-12
2021,642003,Cody Reed,L,L,1993-04-15,2016-06-18
2022,642060,Cody Sedlock,R,R,1995-06-19,2022-05-29
2022,664054,Cody Stashak,R,R,1994-06-04,2019-07-23
2020,430935,Cole Hamels,L,L,1983-12-27,2006-05-12
2024,608344,Cole Irvin,L,L,1994-01-31,2019-05-12
2024,666142,Cole Ragans,L,L,1997-12-12,2022-08-04
2024,663485,Cole Sands,R,R,1997-07-17,2022-05-01
2024,642121,Cole Sulser,R,R,1990-03-12,2019-09-06
2023,686972,Cole Waites,R,R,1998-06-10,2022-09-13
2024,668390,Cole Winn,R,R,1999-11-25,2024-04-14
2024,670059,Colin Holderman,R,R,1995-10-08,2022-05-15
2024,621363,Colin Poche,L,L,1994-01-17,2019-06-08
2024,607067,Colin Rea,R,R,1990-07-01,2015-08-11
2024,681882,Colin Selby,R,R,1997-10-24,2023-08-09
2023,543521,Collin McHugh,R,R,1987-06-19,2012-08-23
2024,676092,Collin Snider,R,R,1995-10-10,2022-04-09
2022,621079,Collin Wiles,R,R,1994-05-30,2022-09-14
2024,605155,Colten Brewer,R,R,1992-10-29,2018-04-12
2021,641632,Conner Greene,R,R,1995-04-04,2021-07-27
2022,669214,Conner Menez,L,L,1995-05-29,2019-07-21
2024,641401,Connor Brogdon,R,R,1995-01-29,2020-08-13
2024,687362,Connor Gillispie,R,R,1997-11-10,2024-08-04
2023,656818,Connor Overton,R,L,1993-07-24,2021-08-12
2023,683175,Connor Phillips,R,R,2001-05-04,2023-09-05
2022,592712,Connor Sadzeck,R,R,1991-10-01,2018-09-01
2023,657756,Connor Seabold,R,R,1996-01-24,2021-09-11
2024,681867,Cooper Criswell,R,R,1996-07-24,2021-08-27
2024,669203,Corbin Burnes,R,R,1994-10-22,2018-07-10
2022,656686,Corbin Martin,R,R,1995-12-28,2019-05-12
2023,446372,Corey Kluber,R,R,1986-04-10,2011-09-01
2022,608349,Corey Knebel,R,R,1991-11-26,2014-05-24
2021,621261,Corey Oswalt,R,R,1993-09-03,2018-04-25
2023,676265,Cory Abbott,R,R,1995-09-20,2021-06-05
2020,518715,Cory Gearrin,R,R,1986-04-14,2011-04-25
2024,518886,Craig Kimbrel,R,R,1988-05-28,2010-05-07
2022,489334,Craig Stammen,R,R,1984-03-09,2009-05-21
2024,664299,Cristian Javier,R,R,1997-03-26,2020-07-25
2024,691441,Cristian Mena,R,R,2002-12-21,2024-07-03
2022,642657,Cristofer Ogando,R,R,1993-10-23,2022-07-03
2024,650911,Cristopher Sánchez,L,L,1996-12-12,2021-06-06
2020,605482,Cy Sneed,R,R,1992-10-01,2019-06-27
2022,491624,César Valdez,R,R,1985-03-17,2010-05-03
2024,687792,DJ Herz,L,R,2001-01-04,2024-06-04
2021,597113,DJ Johnson,R,L,1989-08-30,2018-09-09
2021,656847,DJ Peters,R,R,1995-12-12,2021-04-23
2024,669084,DL Hall,L,L,1998-09-19,2022-08-13
2020,621290,Dakota Bacus,R,R,1991-04-02,2020-08-09
2024,641712,Dakota Hudson,R,R,1994-09-15,2018-07-28
2024,572971,Dallas Keuchel,L,L,1988-01-01,2012-06-17
2022,676103,Damon Jones,L,L,1994-09-30,2021-08-10
2024,656186,Dan Altavilla,R,R,1992-09-08,2016-08-27
2019,543359,Dan Jennings,L,L,1987-04-17,2012-04-30
2019,519096,Dan Otero,R,R,1985-02-19,2012-04-07
2019,573185,Dan Straily,R,R,1988-12-01,2012-08-03
2021,595465,Dan Winkler,R,R,1990-02-02,2015-09-21
2024,641540,Dane Dunning,R,R,1994-12-20,2020-08-19
2023,453268,Daniel Bard,R,R,1985-06-25,2009-05-13
2021,547176,Daniel Camarena,L,L,1992-11-09,2021-06-19
2023,641447,Daniel Castano,L,L,1994-09-17,2020-08-08
2024,650960,Daniel Duarte,R,R,1996-12-04,2022-04-08
2024,543339,Daniel Hudson,R,R,1987-03-09,2009-09-04
2024,663738,Daniel Lynch IV,L,L,1996-11-17,2021-05-03
2022,596043,Daniel Mengden,R,R,1993-02-19,2016-06-11
2023,596057,Daniel Norris,L,L,1993-04-25,2014-09-05
2024,694037,Daniel Palencia,R,R,2000-02-05,2023-07-04
2021,594965,Daniel Ponce de Leon,R,R,1992-01-16,2018-07-23
2024,642016,Daniel Robert,R,L,1994-08-30,2024-07-10
2019,621385,Daniel Stumpf,L,L,1991-01-04,2016-04-07
2021,623354,Daniel Zamora,L,L,1993-04-15,2018-08-17
2024,543056,Danny Coulombe,L,L,1989-10-26,2014-09-16
2021,518633,Danny Duffy,L,L,1988-12-21,2011-05-18
2019,543343,Danny Hultzen,L,L,1989-11-28,2019-09-08
2019,517593,Danny Salazar,R,R,1990-01-11,2013-07-11
2024,664849,Danny Young,L,L,1994-05-27,2022-05-09
2024,666204,Dany Jiménez,R,R,1993-12-23,2020-07-23
2021,628345,Darien Núñez,L,L,1993-03-19,2021-07-09
2019,642607,Dario Agrazal,R,R,1994-12-28,2019-06-15
2024,670241,Darius Vines,R,R,1998-04-30,2023-08-30
2024,670766,Darren McCaughan,R,R,1996-03-18,2021-07-21
2022,503285,Darren O'Day,R,R,1982-10-22,2008-03-31
2022,650382,Darwinzon Hernández,L,L,1996-12-17,2019-04-23
2024,641726,Daulton Jefferies,R,L,1995-08-02,2020-09-12
2023,664294,Dauri Moreta,R,R,1996-04-15,2021-09-26
2024,670280,David Bednar,R,L,1994-10-10,2019-09-01
2024,571527,David Buchanan,R,R,1989-05-11,2014-05-24
2019,502304,David Carpenter,R,R,1985-07-15,2011-06-30
2024,701581,David Festa,R,R,2000-03-08,2024-06-27
2021,571735,David Hale,R,R,1987-09-27,2013-09-13
2019,456696,David Hernandez,R,R,1985-05-13,2009-05-28
2021,605276,David Hess,R,R,1993-07-10,2018-05-12
2022,641853,David McKay,R,R,1995-03-31,2019-05-19
2021,600944,David Paulino,R,R,1994-02-06,2016-09-08
2024,656849,David Peterson,L,L,1995-09-03,2020-07-28
2022,475479,David Phelps,R,R,1986-10-09,2012-04-08
2022,456034,David Price,L,L,1985-08-26,2008-09-14
2024,502085,David Robertson,R,R,1985-04-09,2008-06-29
2024,669721,Davis Daniel,R,R,1997-06-11,2023-09-07
2024,663436,Davis Martin,R,L,1997-01-04,2022-05-17
2024,678226,Daysbel Hernández,R,R,1996-09-15,2023-07-23
2024,665152,Dean Kremer,R,R,1996-01-07,2020-09-06
2024,686539,Declan Cronin,R,R,1997-09-24,2023-07-30
2024,673380,Dedniel Núñez,R,R,1996-06-05,2024-04-09
2024,665620,Deivi García,R,R,1999-05-19,2020-08-30
2021,476454,Dellin Betances,R,R,1988-03-23,2011-09-22
2021,663770,Demarcus Evans,R,R,1996-10-22,2020-09-18
2024,642701,Dennis Santana,R,R,1996-04-12,2018-06-01
2023,660593,Denyi Reyes,R,R,1996-11-02,2022-05-13
2021,500610,Deolis Guerra,R,R,1989-04-17,2015-06-27
2023,605446,Dereck Rodríguez,R,R,1992-06-05,2018-05-29
2021,502706,Derek Holland,L,S,1986-10-09,2009-04-22
2024,571882,Derek Law,R,R,1990-09-14,2016-04-15
2023,656970,Devin Smeltzer,L,R,1995-09-07,2019-05-28
2023,682967,Devin Sweet,R,S,1996-09-06,2023-07-19
2024,642207,Devin Williams,R,R,1994-09-21,2019-08-07
2024,650895,Diego Castillo,R,R,1994-01-18,2018-06-06
2021,608650,Dietrich Enns,L,L,1991-05-16,2017-08-10
2021,596027,Dillon Maples,R,R,1992-05-09,2017-09-03
2022,596071,Dillon Peters,L,L,1992-08-31,2017-09-01
2024,622253,Dillon Tate,R,R,1994-05-01,2019-07-29
2024,659275,Dinelson Lamet,R,R,1992-07-18,2017-05-25
2023,642758,Domingo Acevedo,R,R,1994-03-06,2021-06-21
2024,593334,Domingo Germán,R,R,1992-08-04,2017-06-11
2023,593619,Domingo Tapia,R,R,1991-08-04,2020-09-11
2024,608678,Dominic Leone,R,R,1991-10-26,2014-04-06
2019,643354,Donnie Hart,L,L,1990-09-06,2016-07-17
2020,596720,Dovydas Neverauskas,R,R,1993-01-14,2017-04-24
2021,623454,Drew Anderson,R,R,1994-03-22,2017-08-01
2023,656290,Drew Carlton,R,R,1995-09-08,2021-09-04
2019,543193,Drew Gagnon,R,R,1990-06-26,2018-07-10
2022,571800,Drew Hutchison,R,L,1990-08-22,2012-04-21
2021,519141,Drew Pomeranz,L,R,1988-11-22,2011-09-11
2024,656876,Drew Rasmussen,R,R,1995-07-27,2020-08-19
2023,680723,Drew Rom,L,L,1999-12-15,2023-08-21
2023,607968,Drew Rucinski,R,R,1988-12-30,2014-07-10
2024,622098,Drew Smith,R,R,1993-09-24,2018-06-23
2024,592767,Drew Smyly,L,L,1989-06-13,2012-04-12
2022,608716,Drew Steckenrider,R,R,1991-01-10,2017-05-24
2024,689672,Drew Thorpe,R,L,2000-10-01,2024-06-11
2023,572403,Drew VerHagen,R,R,1990-10-22,2014-07-19
2023,686753,Drey Jameson,R,R,1997-08-17,2022-09-15
2023,621249,Duane Underwood Jr.,R,R,1994-07-20,2018-06-25
2022,643400,Dusten Knight,R,R,1990-09-02,2021-08-04
2023,669160,Dustin May,R,R,1997-09-06,2019-08-02
2022,605164,Dylan Bundy,R,S,1992-11-15,2012-09-23
2024,656302,Dylan Cease,R,R,1995-12-28,2019-07-03
2024,669395,Dylan Coleman,R,R,1996-09-16,2021-09-21
2023,592229,Dylan Covey,R,R,1991-08-14,2017-04-14
2024,689266,Dylan Dodd,L,L,1998-06-06,2023-04-04
2024,571670,Dylan Floro,R,L,1990-12-27,2016-07-07
2024,669276,Dylan Lee,L,L,1994-08-01,2021-10-01
2024,687922,Easton Lucas,L,L,1996-09-23,2023-09-08
2023,668834,Easton McGee,R,R,1997-12-26,2022-10-02
2021,658305,Edgar García,R,R,1996-10-04,2019-05-06
2023,679346,Edgar Navarro,R,R,1998-02-05,2023-07-30
2021,650828,Edgar Santana,R,R,1991-10-16,2017-06-10
2024,683618,Edgardo Henriquez,R,R,2002-06-24,2024-09-24
2020,450172,Edinson Volquez,R,R,1983-07-03,2005-08-30
2024,660825,Eduard Bazardo,R,R,1995-09-01,2021-04-14
2019,621592,Eduardo Jiménez,R,R,1995-04-04,2019-05-07
2024,593958,Eduardo Rodriguez,L,L,1993-04-07,2015-05-28
2024,674285,Eduardo Salazar,R,R,1998-05-05,2023-05-24
2019,591693,Edubray Ramos,R,R,1992-12-19,2016-06-24
2020,666674,Edwar Colina,R,R,1997-05-03,2020-09-25
2024,665795,Edward Cabrera,R,R,1998-04-13,2021-08-25
2024,621242,Edwin Díaz,R,R,1994-03-22,2016-06-06
2019,429719,Edwin Jackson,R,R,1983-09-09,2003-09-09
2024,670955,Edwin Uceta,R,R,1998-01-09,2021-04-30
2024,669212,Eli Morgan,R,R,1996-05-13,2021-05-28
2024,681871,Eli Villalobos,R,R,1997-06-26,2024-05-05
2024,622694,Elieser Hernández,R,R,1995-05-03,2018-05-10
2023,660730,Elvin Rodríguez,R,R,1998-03-31,2022-04-10
2019,672773,Elvis Luciano,R,R,2000-02-15,2019-03-31
2024,665625,Elvis Peguero,R,R,1997-03-20,2021-08-26
2024,676106,Emerson Hancock,R,R,1999-05-31,2023-08-09
2024,641941,Emilio Pagán,R,L,1991-05-07,2017-05-03
2024,661403,Emmanuel Clase,R,R,1998-03-18,2019-08-04
2024,642629,Emmanuel Ramirez,R,R,1994-07-15,2024-04-28
2023,686218,Emmet Sheehan,R,R,1999-11-15,2023-06-16
2019,575070,Enderson Franco,R,R,1992-12-29,2019-09-18
2023,646241,Enmanuel De Jesus,L,L,1996-12-10,2023-09-09
2024,660600,Enoli Paredes,R,R,1995-09-28,2020-07-24
2024,660853,Enyel De Los Santos,R,R,1995-12-25,2018-07-10
2024,541640,Erasmo Ramírez,R,R,1990-05-02,2012-04-09
2021,621098,Eric Hanhold,R,R,1993-11-01,2018-09-04
2023,641778,Eric Lauer,L,R,1995-06-03,2018-04-24
2024,679358,Eric Orze,R,R,1997-08-21,2024-07-08
2019,607215,Eric Skoglund,L,L,1992-10-26,2017-05-30
2022,657770,Eric Stout,L,L,1993-03-27,2018-04-25
2021,642233,Eric Yardley,R,R,1990-08-18,2019-08-21
2023,657272,Erich Uelmen,R,R,1996-05-19,2022-07-22
2024,607200,Erick Fedde,R,R,1993-02-25,2017-07-30
2020,625510,Erick Mejia,R,S,1994-11-09,2019-09-05
2024,669062,Erik Miller,L,L,1998-02-13,2024-03-28
2024,681870,Erik Sabrowski,L,R,1997-10-31,2024-09-04
2024,657024,Erik Swanson,R,R,1993-09-04,2019-04-11
2021,429722,Ervin Santana,R,R,1982-12-12,2005-05-17
2024,681799,Ethan Roberts,R,R,1997-07-04,2022-04-09
2023,663629,Ethan Small,L,L,1997-02-14,2022-05-30
2023,691587,Eury Pérez,R,R,2003-04-15,2023-05-12
2024,687145,Evan Justice,L,L,1998-07-07,2023-08-26
2024,667478,Evan Kravetz,L,L,1996-12-19,2024-08-28
2022,681885,Evan Lee,L,L,1997-06-18,2022-06-01
2021,605359,Evan Marshall,R,R,1990-04-18,2014-05-06
2024,623465,Evan Phillips,R,R,1994-09-11,2018-07-03
2019,553878,Felipe Vázquez,L,L,1991-07-05,2015-04-17
2023,472551,Fernando Abad,L,L,1985-12-17,2010-07-28
2024,518585,Fernando Cruz,R,R,1990-03-28,2022-09-02
2019,407845,Fernando Rodney,R,R,1977-03-18,2002-05-04
2019,622864,Fernando Romero,R,R,1994-12-24,2018-05-02
2019,477569,Fernando Salas,R,R,1985-05-30,2010-05-28
2024,666215,Forrest Whitley,R,R,1997-09-15,2024-04-16
2022,656492,Foster Griffin,L,R,1995-07-27,2020-07-27
2024,664285,Framber Valdez,L,R,1993-11-19,2018-08-21
2019,434538,Francisco Liriano,L,L,1983-10-26,2005-09-05
2022,672839,Francisco Morales,R,R,1999-10-27,2022-05-09
2023,660906,Francisco Pérez,L,S,1997-07-20,2021-08-12
2022,681464,Frank German,R,R,1997-09-22,2022-09-17
2024,593423,Frankie Montas,R,R,1993-03-21,2015-09-02
2020,642584,Franklyn Kilome,R,R,1995-06-25,2020-08-01
2024,686642,Fraser Ellard,L,L,1997-11-06,2024-07-30
2024,642547,Freddy Peralta,R,R,1996-06-04,2018-05-13
2023,676206,Freddy Tarnok,R,R,1998-11-24,2022-08-17
2023,642585,Félix Bautista,R,R,1995-06-20,2022-04-10
2019,433587,Félix Hernández,R,R,1986-04-08,2005-08-04
2021,570240,Félix Peña,R,R,1990-02-25,2016-08-19
2021,656620,Gabe Klobosits,R,L,1995-05-16,2021-07-30
2024,642100,Gabe Speier,L,L,1995-04-12,2019-09-05
2019,593679,Gabriel Ynoa,R,R,1993-05-26,2016-08-13
2023,670183,Garrett Acton,R,L,1998-06-15,2023-05-14
2024,664076,Garrett Cleavinger,L,R,1994-04-23,2020-09-17
2024,676979,Garrett Crochet,L,L,1999-06-21,2020-09-18
2023,682051,Garrett Hill,R,R,1996-01-16,2022-07-04
2022,572070,Garrett Richards,R,R,1988-05-27,2011-08-10
2024,676477,Garrett Whitlock,R,R,1996-06-11,2021-04-04
2024,668970,Gavin Hollowell,R,R,1997-11-04,2022-09-19
2024,694813,Gavin Stone,R,R,1998-10-15,2023-05-03
2024,668909,Gavin Williams,R,L,1999-07-26,2023-06-21
2024,664129,Geoff Hartlieb,R,R,1993-12-09,2019-05-18
2024,669923,George Kirby,R,R,1998-02-04,2022-05-08
2024,666277,George Soriano,R,R,1999-03-24,2023-04-16
2024,622103,Gerardo Reyes,R,R,1993-05-13,2019-04-12
2024,608566,Germán Márquez,R,R,1995-02-22,2016-09-08
2024,543037,Gerrit Cole,R,R,1990-09-08,2013-06-11
2019,639373,Gerson Bautista,R,R,1995-05-31,2018-04-17
2024,642520,Gerson Garabito,R,R,1995-08-19,2024-05-26
2020,461829,Gio Gonzalez,L,R,1985-09-19,2008-08-06
2024,606149,Giovanny Gallegos,R,R,1991-08-14,2017-05-12
2023,657248,Glenn Otto Jr.,R,R,1996-03-11,2021-08-27
2020,642098,Glenn Sparkman,R,R,1992-05-11,2017-06-30
2024,700669,Gordon Graceffo,R,R,2000-03-17,2024-06-29
2024,668933,Graham Ashcraft,R,L,1998-02-11,2022-05-22
2024,681982,Grant Anderson,R,R,1997-06-21,2023-05-30
2021,594795,Grant Dayton,L,L,1987-11-25,2016-07-22
2024,701643,Grant Hartwig,R,R,1997-12-18,2023-06-19
2024,680880,Grant Holman,R,R,2000-05-31,2024-08-17
2024,656550,Grant Holmes,R,L,1996-03-22,2024-06-16
2024,680570,Grayson Rodriguez,R,L,1999-11-16,2023-04-05
2022,518813,Greg Holland,R,R,1985-11-20,2010-08-02
2024,669711,Greg Weissert,R,R,1995-02-04,2022-08-25
2024,666619,Gregory Santos,R,R,1999-08-28,2021-04-22
2024,642397,Gregory Soto,L,L,1995-02-11,2019-05-11
2024,656288,Griffin Canning,R,R,1996-05-11,2019-04-30
2024,643377,Griffin Jax,R,R,1994-11-22,2021-06-08
2024,670871,Guillo Zuñiga,R,R,1998-10-10,2023-05-02
2024,681402,Gus Varland,R,L,1996-11-06,2023-03-30
2024,650893,Génesis Cabrera,L,L,1996-10-10,2019-05-29
2023,668470,Hagen Danner,R,R,1998-09-30,2023-08-11
2024,668968,Hans Crouse,R,L,1998-09-15,2021-09-26
2022,570663,Hansel Robles,R,R,1990-08-13,2015-04-24
2019,643466,Harrison Musgrave,L,L,1992-03-03,2018-04-23
2024,806185,Hayden Birdsong,R,R,2001-08-30,2024-06-26
2024,669713,Hayden Wesneski,R,R,1997-12-05,2022-09-06
2019,641571,Heath Fillmyer,R,R,1994-05-16,2018-06-24
2023,592390,Heath Hembree,R,R,1989-01-13,2013-09-03
2019,456051,Hector Noesí,R,R,1987-01-26,2011-05-18
2023,660431,Hector Perez,R,R,1996-06-06,2020-09-16
2019,584171,Hector Velázquez,R,R,1988-11-26,2017-05-18
2022,617228,Hirokazu Sawamura,R,R,1988-04-03,2021-04-02
2023,665048,Hobie Harris,R,R,1993-06-23,2023-04-01
2024,571948,Hoby Milner,L,L,1991-01-13,2017-06-24
2024,663687,Hogan Harris,L,R,1996-12-26,2023-04-14
2020,456701,Homer Bailey,R,R,1986-05-03,2007-06-08
2024,623211,Huascar Brazobán,R,R,1989-10-15,2022-07-24
2022,660623,Huascar Ynoa,R,R,1998-05-28,2019-06-16
2024,528748,Humberto Castellanos,R,R,1998-04-03,2020-08-04
2021,650668,Humberto Mejía,R,R,1997-03-03,2020-08-07
2024,685801,Hunter Bigge,R,R,1998-06-12,2024-07-09
2024,686613,Hunter Brown,R,R,1998-08-29,2022-09-05
2024,683769,Hunter Gaddis,R,R,1998-04-09,2022-08-05
2024,668881,Hunter Greene,R,R,1999-08-06,2022-04-10
2024,640451,Hunter Harvey,R,R,1994-12-09,2019-08-17
2024,676702,Hunter Stratton,R,R,1996-11-17,2023-09-05
2024,519326,Hunter Strickland,R,R,1988-09-24,2014-09-01
2021,621056,Hunter Wood,R,R,1993-08-12,2017-05-30
2024,694462,Hurston Waldrep,R,R,2002-03-01,2024-06-09
2021,660365,Hyeon-Jong Yang,L,L,1988-03-01,2021-04-26
2023,547943,Hyun Jin Ryu,L,R,1987-03-25,2013-04-02
2024,593576,Héctor Neris,R,R,1989-06-14,2014-08-05
2020,444468,Héctor Rondón,R,R,1988-02-26,2013-04-03
2021,502327,Héctor Santiago,L,R,1987-12-16,2011-07-06
2022,666120,Ian Anderson,R,R,1998-05-02,2020-08-26
2024,664139,Ian Gibaut,R,R,1993-11-19,2019-07-12
2024,641656,Ian Hamilton,R,R,1995-06-16,2018-08-31
2023,453178,Ian Kennedy,R,R,1984-12-19,2007-09-01
2021,571871,Ian Krol,L,L,1991-05-09,2013-06-05
2024,676755,Isaac Mattson,R,R,1995-07-14,2021-05-07
2024,663462,Isaiah Campbell,R,R,1997-08-15,2023-07-07
2020,467100,Iván Nova,R,R,1987-01-12,2010-05-13
2021,457918,J.A. Happ,L,L,1982-10-19,2007-06-30
2024,656266,J.B. Bukauskas,R,R,1996-10-11,2021-04-20
2022,605525,J.B. Wendelken,R,R,1993-03-24,2016-05-08
2023,650496,J.C. Mejía,R,R,1996-08-26,2021-05-21
2024,656420,J.P. Feyereisen,R,R,1993-02-07,2020-07-24
2024,641585,J.P. France,R,R,1995-04-04,2023-05-06
2024,669372,J.T. Ginn,R,R,1999-05-20,2024-08-21
2019,500724,JC Ramírez,R,R,1988-08-16,2013-06-23
2021,670456,JD Hammer,R,R,1994-07-12,2019-05-26
2024,676664,JP Sears,L,R,1996-02-19,2022-04-13
2022,664141,JT Brubaker,R,R,1993-11-17,2020-07-26
2024,608638,JT Chargois,R,S,1990-12-03,2016-06-11
2021,605240,Jace Fry,L,L,1993-07-09,2017-09-05
2024,656427,Jack Flaherty,R,R,1995-10-15,2017-09-01
2024,686799,Jack Kochanowicz,R,L,2000-12-22,2024-07-11
2024,683004,Jack Leiter,R,R,2000-04-21,2024-04-18
2024,680891,Jack Neely,R,R,2000-06-05,2024-08-21
2024,672552,Jack O'Loughlin,L,L,2000-03-14,2024-05-26
2024,695549,Jackson Jobe,R,R,2002-07-30,2024-09-25
2023,663804,Jackson Kowar,R,R,1996-10-04,2021-06-07
2024,671131,Jackson Rutledge,R,R,1999-04-01,2023-09-13
2024,623451,Jackson Stephens,R,R,1994-05-11,2017-07-01
2022,676194,Jackson Tetreault,R,R,1996-06-03,2022-06-14
2023,680232,Jackson Wolf,L,L,1999-04-22,2023-07-22
2024,606930,Jacob Barnes,R,R,1990-04-14,2016-06-03
2024,656641,Jacob Latz,L,R,1996-04-08,2021-08-25
2024,682052,Jacob Lopez,L,L,1998-03-11,2023-08-14
2019,642008,Jacob Rhame,R,R,1993-03-16,2017-09-02
2024,621097,Jacob Waguespack,R,R,1993-11-05,2019-05-27
2024,657097,Jacob Webb,R,R,1993-08-15,2019-04-16
2024,594798,Jacob deGrom,R,L,1988-06-19,2014-05-15
2024,677955,Jaden Hill,R,R,1999-12-22,2024-09-07
2023,642545,Jaime Barria,R,R,1996-07-18,2018-04-11
2019,621289,Jaime Schultz,R,R,1991-06-20,2018-05-29
2020,545064,Jairo Díaz,R,R,1991-05-27,2014-09-08
2024,683568,Jairo Iriarte,R,R,2001-12-15,2024-09-03
2021,453562,Jake Arrieta,R,R,1986-03-06,2010-06-10
2019,545332,Jake Barrett,R,R,1991-07-22,2016-04-04
2024,656234,Jake Bird,R,R,1995-12-04,2022-06-16
2024,814005,Jake Bloss,R,R,2001-06-23,2024-06-21
2022,641394,Jake Brentz,L,L,1994-09-14,2021-04-03
2024,664776,Jake Cousins,R,R,1994-07-14,2021-06-21
2024,518617,Jake Diekman,L,R,1987-01-21,2012-05-15
2024,671109,Jake Eder,L,L,1998-10-09,2024-09-17
2023,607188,Jake Faria,R,R,1993-07-30,2017-06-07
2022,670288,Jake Fishman,L,L,1995-02-08,2022-07-31
2024,663623,Jake Irvin,R,R,1997-02-18,2023-05-03
2021,657228,Jake Jewell,R,R,1993-05-16,2018-06-16
2022,621082,Jake Lemoine,R,R,1993-11-28,2022-04-08
2022,459429,Jake McGee,L,L,1986-08-06,2010-09-14
2021,623470,Jake Newberry,R,R,1994-11-20,2018-08-20
2022,543606,Jake Odorizzi,R,R,1990-03-27,2012-09-23
2021,502593,Jake Petricka,R,R,1988-06-05,2013-08-22
2023,596082,Jake Reed,R,R,1992-09-29,2021-07-06
2022,673904,Jake Walsh,R,R,1995-07-20,2022-05-11
2023,673858,Jake Wong,R,R,1996-09-03,2023-06-26
2024,663765,Jake Woodford,R,R,1996-10-28,2020-08-15
2024,596001,Jakob Junis,R,R,1992-09-16,2017-04-12
2024,656222,Jalen Beeks,L,L,1993-07-10,2018-06-07
2020,630263,James Bourque,R,R,1993-07-09,2019-05-26
2021,624586,James Hoyt,R,R,1986-09-30,2016-08-03
2023,621076,James Kaprielian,R,R,1994-03-02,2020-08-16
2023,675916,James Karinchak,R,R,1995-09-22,2019-09-14
2019,621086,James Marvel,R,R,1993-09-17,2019-09-08
2024,663704,James McArthur,R,R,1996-12-11,2023-06-28
2024,703231,James Meeker,R,R,1995-03-22,2024-06-07
2023,664942,James Naile,R,R,1993-02-08,2022-06-27
2022,656803,James Norwood,R,R,1993-12-24,2018-07-11
2024,572020,James Paxton,L,L,1988-11-06,2013-09-07
2020,572021,James Pazos,L,R,1991-05-05,2015-09-05
2021,642073,James Sherfy,R,R,1991-12-27,2017-08-20
2024,592791,Jameson Taillon,R,R,1991-11-18,2016-06-08
2022,594311,Jandel Gustave,R,R,1992-10-12,2016-08-11
2024,676083,Janson Junk,R,R,1996-01-15,2021-09-05
2020,453172,Jared Hughes,R,R,1985-07-04,2011-09-07
2024,683003,Jared Jones,R,L,2001-08-06,2024-03-30
2024,657649,Jared Koenig,L,R,1994-01-24,2022-06-08
2024,694363,Jared Shuster,L,L,1998-08-03,2023-04-02
2022,676660,Jared Solomon,R,R,1997-06-10,2022-05-07
2022,606424,Jarlín García,L,L,1993-01-18,2017-04-14
2024,592094,Jason Adam,R,R,1991-08-04,2018-05-05
2022,669920,Jason Alexander,R,R,1993-03-01,2022-06-01
2024,671345,Jason Foley,R,R,1995-11-01,2021-06-06
2019,450306,Jason Vargas,L,L,1983-02-02,2005-07-14
2024,665871,Javier Assad,R,R,1997-07-30,2022-08-23
2021,457915,Javy Guerra,R,R,1985-10-31,2011-05-15
2023,642770,Javy Guerra,R,L,1995-09-25,2018-05-04
2021,664852,Jay Flaa,R,R,1992-06-10,2021-04-27
2024,543351,Jay Jackson,R,R,1987-10-27,2015-09-14
2019,491646,Jeanmar Gómez,R,R,1988-02-10,2010-07-18
2023,656257,Jeff Brigham,R,R,1992-02-16,2018-09-02
2024,676105,Jeff Criswell,R,R,1999-03-10,2024-08-21
2024,656546,Jeff Hoffman,R,R,1993-01-08,2016-08-20
2023,689167,Jeff Lindgren,R,R,1996-09-17,2023-04-03
2020,502188,Jeff Samardzija,R,R,1985-01-23,2008-07-25
2024,605488,Jeffrey Springs,L,L,1992-09-20,2018-07-31
2021,622446,Jefry Rodriguez,R,R,1993-07-26,2018-06-03
2022,595191,Jerad Eickhoff,R,R,1990-07-02,2015-08-21
2024,669093,Jeremiah Estrada,R,S,1998-11-01,2022-08-30
2022,676886,Jeremy Beasley,R,R,1995-11-20,2020-08-11
2019,476451,Jeremy Hellickson,R,R,1987-04-08,2010-08-02
2020,502026,Jeremy Jeffress,R,R,1987-09-21,2010-09-01
2019,668683,Jeremy Walker,R,R,1995-06-12,2019-07-26
2019,460283,Jerry Blevins,L,L,1983-09-06,2007-09-16
2021,592145,Jesse Biddle,L,L,1991-10-22,2018-04-21
2024,445926,Jesse Chavez,R,R,1983-08-21,2008-08-27
2021,534910,Jesse Hahn,R,R,1989-07-30,2014-06-03
2023,669947,Jesse Scholtens,R,R,1994-04-06,2023-04-07
2022,672911,Jesus Cruz,R,R,1995-04-15,2020-08-18
2024,622786,Jesus Tinoco,R,R,1995-04-30,2019-05-31
2024,666200,Jesús Luzardo,L,L,1997-09-30,2019-09-11
2023,544727,Jeurys Familia,R,R,1989-10-10,2012-09-04
2022,605194,Jharel Cotton,R,R,1992-01-19,2016-09-07
2024,661395,Jhoan Duran,R,R,1998-01-08,2022-04-08
2022,664584,Jhon Romero,R,R,1995-01-17,2021-09-24
2024,646242,Jhonathan Díaz,L,L,1996-09-13,2021-09-17
2024,666745,Jhony Brito,R,R,1998-02-17,2023-04-02
2022,468504,Jhoulys Chacín,R,R,1988-01-07,2009-07-25
2023,622772,Jimmy Cordero,R,R,1991-10-19,2018-08-02
2024,623474,Jimmy Herget,R,R,1993-09-09,2019-07-07
2023,669424,Jimmy Lambert,R,R,1994-11-18,2020-07-25
2021,519076,Jimmy Nelson,R,R,1989-06-05,2013-09-06
2023,642231,Jimmy Yacabonis,R,R,1992-03-21,2017-06-11
2024,668941,JoJo Romero,L,L,1996-09-09,2020-08-21
2021,465657,Joakim Soria,R,R,1984-05-18,2007-04-04
2024,672851,Joan Adon,R,R,1998-08-12,2021-10-03
2023,669618,Joe Barlow,R,R,1995-09-28,2021-06-24
2021,607352,Joe Biagini,R,R,1990-05-29,2016-04-08
2024,671212,Joe Boyle,R,R,1999-08-14,2023-09-17
2020,642840,Joe Harvey,R,R,1992-01-09,2019-04-10
2024,682175,Joe Jacques,L,L,1995-03-11,2023-06-12
2024,641729,Joe Jiménez,R,R,1995-01-17,2017-04-13
2024,523260,Joe Kelly,R,R,1988-06-09,2012-06-10
2024,686747,Joe La Sorsa,L,L,1998-04-29,2023-05-29
2024,573009,Joe Mantiply,L,R,1991-03-01,2016-09-03
2024,605397,Joe Musgrove,R,R,1992-12-04,2016-08-02
2020,643478,Joe Palumbo,L,L,1994-10-26,2019-06-08
2024,605452,Joe Ross,R,R,1993-05-21,2015-06-06
2024,657746,Joe Ryan,R,R,1996-06-05,2021-09-01
2022,501925,Joe Smith,R,R,1984-03-22,2007-04-01
2024,669270,Joel Kuhnel,R,R,1995-02-19,2019-08-16
2024,606303,Joel Payamps,R,R,1994-04-07,2019-08-21
2024,570257,Joely Rodríguez,L,L,1991-11-14,2016-09-11
2024,676282,Joey Cantillo,L,L,1999-12-18,2024-07-28
2024,683155,Joey Estes,R,R,2001-10-08,2023-09-20
2020,680702,Joey Gerber,R,R,1997-05-03,2020-08-04
2023,607216,Joey Krehbiel,R,R,1992-12-20,2018-07-02
2024,664192,Joey Lucchesi,L,L,1993-06-06,2018-03-30
2024,666214,Joey Wentz,L,L,1997-10-06,2022-05-11
2023,670912,Johan Oviedo,R,R,1998-03-02,2020-08-19
2023,629498,Johan Quezada,R,R,1994-08-25,2020-09-12
2021,446099,John Axford,R,R,1983-04-01,2009-09-15
2024,605154,John Brebbia,R,L,1990-05-30,2017-05-28
2024,595928,John Curtiss,R,R,1993-04-05,2017-08-25
2021,607231,John Gant,R,R,1992-08-06,2016-04-06
2024,667463,John King,L,L,1994-09-14,2020-09-04
2024,669111,John McMillon,R,L,1998-01-27,2023-08-17
2024,607644,John Means,L,L,1993-04-24,2018-09-26
2024,670167,John Schreiber,R,R,1994-03-05,2019-08-09
2024,456501,Johnny Cueto,R,R,1986-02-15,2008-04-03
2021,641541,Jon Duplantier,R,L,1994-07-11,2019-04-01
2019,457754,Jon Edwards,R,R,1988-01-08,2014-08-15
2024,592351,Jon Gray,R,R,1991-11-05,2015-08-04
2021,452657,Jon Lester,L,L,1984-01-07,2006-06-10
2024,642834,Jonathan Bermúdez,L,L,1995-10-16,2024-08-27
2024,680742,Jonathan Bowlan,R,R,1996-12-01,2023-09-27
2024,686563,Jonathan Cannon,R,R,2000-07-19,2024-04-17
2024,669169,Jonathan Heasley,R,R,1997-01-27,2021-09-17
2024,642546,Jonathan Hernández,R,R,1996-07-06,2019-08-21
2020,656547,Jonathan Holder,R,R,1993-06-09,2016-09-02
2024,642528,Jonathan Loáisiga,R,R,1994-11-02,2018-06-15
2021,680692,Jonathan Stiever,R,R,1997-05-12,2020-09-13
2019,458924,Jonny Venters,L,L,1985-03-20,2010-04-17
2023,666364,Jordan Balazovic,R,R,1998-09-17,2023-06-18
2024,663855,Jordan Hicks,R,R,1996-09-06,2018-03-29
2022,656548,Jordan Holloway,R,R,1996-06-13,2020-07-26
2024,673929,Jordan Leasure,R,R,1998-08-15,2024-03-30
2024,543475,Jordan Lyles,R,R,1990-10-19,2011-05-31
2024,656756,Jordan Montgomery,L,L,1992-12-27,2017-04-12
2024,605447,Jordan Romano,R,R,1993-04-21,2019-06-12
2022,642068,Jordan Sheffield,R,R,1995-06-01,2021-04-02
2024,607179,Jordan Weems,R,L,1992-11-07,2020-07-28
2024,696136,Jordan Wicks,L,L,1999-09-01,2023-08-26
2021,657141,Jordan Yamamoto,R,R,1996-05-11,2019-06-12
2021,519455,Jordan Zimmermann,R,R,1986-05-23,2009-04-20
2024,660896,Jorge Alcala,R,R,1995-07-28,2019-09-21
2021,660422,Jorge Guzmán,R,R,1996-01-28,2020-08-06
2024,605347,Jorge López,R,R,1993-02-10,2015-09-29
2022,501625,Jose Alvarez,L,L,1989-05-06,2013-06-09
2024,621016,Jose Cuas,R,R,1994-06-28,2022-05-31
2024,669796,Jose E. Hernandez,L,L,1997-12-31,2023-04-01
2023,664744,Jose Espada,R,R,1997-02-22,2023-09-24
2024,500779,Jose Quintana,L,R,1989-01-24,2012-05-07
2020,595001,Josh A. Smith,R,R,1987-08-07,2015-06-23
2020,605479,Josh D. Smith,L,L,1989-10-11,2019-05-25
2024,676596,Josh Fleming,L,L,1996-05-18,2020-08-23
2024,623352,Josh Hader,L,L,1994-04-07,2017-06-10
2021,657624,Josh James,R,R,1993-03-08,2018-09-01
2021,458676,Josh Lindblom,R,R,1987-06-15,2011-06-01
2019,572998,Josh Lucas,R,R,1990-11-05,2017-08-19
2024,656671,Josh Maciejewski,L,R,1995-08-14,2024-04-08
2021,592612,Josh Osich,L,L,1988-09-03,2015-07-03
2024,642028,Josh Rogers,L,L,1994-07-10,2018-08-28
2024,622250,Josh Sborz,R,R,1993-12-17,2019-06-20
2024,622251,Josh Staumont,R,R,1993-12-21,2019-07-25
2023,657031,Josh Taylor,L,L,1993-03-02,2019-05-29
2021,458708,Josh Tomlin,R,R,1984-10-19,2010-07-27
2024,677020,Josh Walker,L,L,1994-12-01,2023-05-16
2024,670174,Josh Winckowski,R,R,1998-06-28,2022-05-28
2024,680739,Josh Winder,R,R,1996-10-11,2022-04-12
2024,680686,Josiah Gray,R,R,1997-12-21,2021-07-20
2024,678606,José A. Ferrer,L,L,2000-03-03,2023-07-01
2024,621237,José Alvarado,L,L,1995-05-21,2017-05-03
2024,621244,José Berríos,R,R,1994-05-27,2016-04-27
2024,676130,José Buttó,R,R,1998-03-19,2022-08-21
2023,620454,José Castillo,L,L,1996-01-10,2018-06-02
2024,542585,José Cisnero,R,R,1989-04-11,2013-04-22
2023,592254,José De León,R,R,1992-08-07,2016-09-04
2024,600917,José Leclerc,R,R,1993-12-19,2016-07-06
2023,673111,José Lopez,L,L,1999-02-15,2023-06-10
2019,622774,José Manuel Fernández,L,L,1993-02-13,2018-09-01
2024,665896,José Marte,R,R,1996-06-14,2021-08-20
2020,620445,José Mujica,R,R,1996-06-29,2020-09-08
2024,650671,José Quijada,L,L,1995-11-09,2019-04-24
2023,642578,José Rodríguez,R,R,1995-08-29,2019-07-27
2024,614179,José Ruiz,R,R,1994-10-21,2017-07-24
2024,667755,José Soriano,R,R,1998-10-20,2023-06-03
2024,660761,José Suarez,L,L,1998-01-03,2019-06-02
2024,570632,José Ureña,R,R,1991-09-12,2015-04-14
2023,664353,José Urquidy,R,R,1995-05-01,2019-07-02
2023,663558,Jovani Morán,L,L,1997-04-24,2021-09-12
2022,573668,Juan Minaya,R,R,1990-09-18,2016-09-01
2020,504379,Juan Nicasio,R,R,1986-08-31,2011-05-28
2023,672730,Juan Then,R,R,2000-02-07,2023-05-06
2024,687924,Julian Aguiar,R,L,2001-06-04,2024-08-19
2021,642759,Julian Fernández,R,R,1995-12-05,2021-09-05
2024,657240,Julian Merryweather,R,R,1991-10-14,2020-08-20
2024,527054,Julio Teheran,R,R,1991-01-27,2011-05-07
2023,628711,Julio Urías,L,L,1996-08-12,2016-05-27
2022,658551,Junior Fernández,R,R,1997-03-02,2019-08-11
2021,448855,Junior Guerra,R,R,1985-01-16,2015-06-12
2024,605121,Justin Anderson,R,L,1992-09-28,2018-04-23
2024,677865,Justin Bruihl,L,L,1997-06-26,2021-08-08
2022,643290,Justin Dunn,R,R,1995-09-22,2019-09-12
2023,621057,Justin Garza,R,R,1994-03-20,2021-06-27
2022,518748,Justin Grimm,R,R,1988-08-16,2012-06-16
2024,664875,Justin Lawrence,R,R,1994-11-25,2021-04-29
2024,679885,Justin Martinez,R,R,2001-07-30,2023-07-07
2021,502522,Justin Miller,R,R,1987-06-13,2014-04-18
2020,596101,Justin Shafer,R,R,1992-09-18,2018-08-19
2024,686580,Justin Slaten,R,R,1997-09-15,2024-03-30
2024,657006,Justin Steele,L,L,1995-07-11,2021-04-12
2024,686993,Justin Sterner,R,R,1996-08-29,2024-05-31
2024,623437,Justin Topa,R,R,1991-03-07,2020-09-01
2024,434378,Justin Verlander,R,R,1983-02-20,2005-07-04
2024,458677,Justin Wilson,L,L,1987-08-18,2012-08-20
2024,680736,Justin Wrobleski,L,L,2000-07-14,2024-07-07
2022,656954,Justus Sheffield,L,L,1996-05-13,2018-09-19
2024,678906,Kai-Wei Teng,R,R,1998-12-01,2024-03-31
2024,672391,Kaleb Ort,R,R,1992-02-05,2021-09-13
2023,666154,Karl Kauffmann,R,R,1997-08-15,2023-05-19
2024,676775,Keaton Winn,R,R,1998-02-20,2023-06-13
2024,669211,Keegan Akin,L,L,1995-04-01,2020-08-14
2024,624522,Keegan Thompson,R,R,1995-03-13,2021-05-02
2024,672456,Keider Montero,R,R,2000-07-06,2024-05-29
2023,680983,Kelvin Cáceres,R,R,2000-01-26,2023-09-27
2020,516969,Kelvin Herrera,R,R,1989-12-31,2011-09-21
2022,571704,Ken Giles,R,R,1990-09-20,2014-06-12
2023,686610,Ken Waldichuk,L,L,1998-01-08,2022-09-01
2023,608665,Kendall Graveman,R,R,1990-12-21,2014-09-05
2024,445276,Kenley Jansen,R,S,1987-09-30,2010-07-24
2024,670046,Kenny Rosenberg,L,L,1995-07-09,2022-04-18
2024,592288,Kent Emanuel,L,L,1992-06-04,2021-04-24
2024,628317,Kenta Maeda,R,R,1988-04-11,2016-04-06
2021,605309,Keone Kela,R,R,1993-04-16,2015-04-07
2022,665645,Kervin Castro,R,R,1999-02-07,2021-09-07
2021,622492,Keury Mella,R,R,1993-08-02,2017-09-20
2024,592332,Kevin Gausman,R,L,1991-01-06,2013-05-23
2024,656464,Kevin Ginkel,R,L,1994-03-24,2019-08-05
2024,643361,Kevin Herget,R,L,1991-04-03,2022-09-13
2024,687330,Kevin Kelly,R,R,1997-11-28,2023-04-01
2020,641838,Kevin McCarthy,R,R,1992-02-22,2016-09-09
2021,534812,Kevin Quackenbush,R,R,1988-11-28,2014-04-25
2023,641871,Keynan Middleton,R,R,1993-09-12,2017-05-05
2024,669912,Kirby Snead,L,L,1994-10-07,2021-07-28
2024,489446,Kirby Yates,R,L,1987-03-25,2014-06-07
2022,668948,Kirk McCarty,L,L,1995-10-12,2022-04-24
2024,673540,Kodai Senga,R,L,1993-01-30,2023-04-02
2022,676831,Kodi Whitley,R,R,1995-02-21,2020-07-26
2024,681892,Kody Funderburk,L,L,1996-11-27,2023-08-28
2022,685503,Kohei Arihara,R,R,1992-08-11,2021-04-03
2021,640464,Kohl Stewart,R,R,1994-10-07,2018-08-12
2024,663465,Kolby Allard,L,L,1997-08-13,2018-07-31
2023,688427,Kolton Ingram,L,L,1996-10-21,2023-06-17
2021,592831,Konner Wade,R,L,1991-12-03,2021-06-26
2023,663455,Konnor Pilkington,L,L,1997-09-12,2022-04-15
2024,663460,Kris Bubic,L,L,1997-08-19,2020-07-31
2024,677958,Kumar Rocker,R,R,1999-11-22,2024-09-12
2024,676710,Kutter Crawford,R,R,1996-04-01,2021-09-05
2021,547942,Kwang Hyun Kim,L,L,1988-07-22,2020-07-24
2024,681066,Ky Bush,L,L,1999-11-12,2024-08-05
2023,607457,Kyle Barraclough,R,R,1990-05-23,2015-08-07
2019,613317,Kyle Bird,L,L,1993-04-12,2019-03-28
2024,680694,Kyle Bradish,R,R,1996-09-12,2022-04-29
2021,621129,Kyle Cody,R,R,1994-08-09,2020-08-21
2022,605195,Kyle Crick,R,L,1992-11-30,2017-06-22
2021,675971,Kyle Dohy,L,L,1996-09-17,2021-10-02
2022,664871,Kyle Dowdy,R,R,1993-02-03,2019-03-28
2024,640448,Kyle Finnegan,R,R,1991-09-04,2020-07-25
2024,607536,Kyle Freeland,L,L,1993-05-14,2017-04-07
2021,608335,Kyle Funkhouser,R,R,1994-03-16,2020-07-27
2024,502043,Kyle Gibson,R,R,1987-10-23,2013-06-29
2024,690986,Kyle Harrison,L,R,2001-08-12,2023-08-22
2020,606996,Kyle Hart,L,L,1992-11-23,2020-08-13
2024,543294,Kyle Hendricks,R,R,1989-12-07,2014-07-10
2024,669165,Kyle Hurt,R,R,1998-05-30,2023-09-12
2021,664918,Kyle Keller,R,R,1993-04-28,2019-08-04
2024,681517,Kyle Leahy,R,S,1997-06-04,2023-07-07
2021,543456,Kyle Lobstein,L,L,1989-08-12,2014-08-23
2021,641851,Kyle McGowin,R,R,1991-11-27,2018-09-05
2024,666205,Kyle Muller,L,R,1997-10-07,2021-06-16
2024,669459,Kyle Nelson,L,L,1996-07-08,2020-09-10
2024,693312,Kyle Nicolas,R,R,1999-02-22,2023-09-19
2021,594986,Kyle Ryan,L,L,1991-09-25,2014-08-30
2024,667725,Kyle Tyler,R,R,1996-12-27,2021-09-05
2023,657140,Kyle Wright,R,R,1995-10-02,2018-09-04
2021,622092,Kyle Zimmer,R,R,1991-09-13,2019-03-31
2024,669199,Lake Bachar,R,R,1995-06-03,2024-09-08
2024,458681,Lance Lynn,R,S,1987-05-12,2011-06-02
2022,621121,Lance McCullers Jr.,R,L,1993-10-02,2015-05-18
2024,694738,Landen Roupp,R,R,1998-09-10,2024-03-29
2024,689017,Landon Knack,R,L,1997-07-15,2024-04-17
2023,682010,Lane Ramsey,R,R,1996-07-16,2023-08-06
2023,686651,Levi Stoudt,R,R,1997-12-04,2023-04-19
2021,626929,Lewis Thorpe,L,R,1995-11-23,2019-06-30
2023,521230,Liam Hendriks,R,R,1989-02-10,2011-09-06
2021,664714,Ljay Newsome,R,R,1996-11-08,2020-08-20
2022,657766,Locke St. John,L,L,1993-01-31,2019-06-25
2024,663531,Logan Allen,L,R,1997-05-23,2019-06-18
2024,671106,Logan Allen,L,R,1998-09-05,2023-04-23
2024,669302,Logan Gilbert,R,R,1997-05-05,2021-05-13
2024,670810,Logan Gillaspie,R,R,1997-04-17,2022-05-17
2024,657277,Logan Webb,R,R,1996-11-18,2019-08-17
2022,642152,Lou Trivino,R,R,1991-10-01,2018-04-17
2022,545343,Louis Head,R,R,1990-04-23,2021-04-25
2024,686973,Louis Varland,R,L,1997-12-09,2022-09-07
2024,668674,Lucas Erceg,R,L,1995-05-01,2023-05-19
2024,656458,Lucas Gilbreath,L,L,1996-03-05,2021-05-01
2023,608337,Lucas Giolito,R,R,1994-07-14,2016-06-28
2023,476595,Lucas Luetge,L,L,1987-03-24,2012-04-07
2024,608371,Lucas Sims,R,R,1994-05-10,2017-08-01
2021,501593,Luis Avilán,L,L,1989-07-19,2012-07-14
2024,622491,Luis Castillo,R,R,1992-12-12,2017-06-23
2023,570666,Luis Cessa,R,R,1992-04-25,2016-04-08
2024,664351,Luis Contreras,R,R,1996-04-29,2024-06-23
2019,650813,Luis Escobar,R,R,1996-05-30,2019-07-13
2022,622379,Luis F. Castillo,R,R,1995-03-10,2022-08-06
2024,666818,Luis Frías,R,R,1998-05-23,2021-09-19
2023,677651,Luis Garcia,R,R,1996-12-13,2020-09-04
2024,472610,Luis García,R,R,1987-01-30,2013-07-10
2024,661563,Luis Gil,R,R,1998-06-03,2021-08-03
2024,692285,Luis Guerrero,R,R,2000-08-05,2024-09-08
2024,665622,Luis Medina,R,R,1999-05-03,2023-04-26
2024,656814,Luis Ortiz,R,R,1995-09-22,2018-09-07
2024,682847,Luis Ortiz,R,R,1999-01-27,2022-09-13
2021,665854,Luis Oviedo,R,R,1999-05-15,2021-04-03
2023,672715,Luis Patiño,R,R,1999-10-26,2020-08-05
2024,678821,Luis Peralta,L,L,2001-01-06,2024-08-24
2022,606131,Luis Perdomo,R,R,1993-05-09,2016-04-04
2024,622663,Luis Severino,R,R,1994-02-20,2015-08-05
2022,572703,Luke Bard,R,R,1990-11-13,2018-03-31
2022,673316,Luke Barker,R,R,1992-03-11,2022-06-03
2022,608652,Luke Farrell,R,L,1991-06-07,2017-07-01
2019,502381,Luke Gregerson,R,L,1984-05-14,2009-04-06
2024,592426,Luke Jackson,R,R,1991-08-24,2015-09-04
2024,681432,Luke Little,L,L,2000-08-30,2023-09-06
2024,596133,Luke Weaver,R,R,1993-08-21,2016-08-13
2021,650347,Luís Madero,R,R,1997-04-15,2021-05-10
2024,680689,Lyon Richardson,R,S,2000-01-18,2023-08-06
2021,669135,Mac Sceroler,R,R,1995-04-09,2021-04-05
2024,669022,MacKenzie Gore,L,L,1999-02-24,2022-04-15
2023,518516,Madison Bumgarner,L,R,1989-08-01,2009-09-08
2022,544365,Manny Banuelos,L,R,1991-03-13,2015-07-02
2021,518435,Manny Barreda,R,R,1988-10-08,2021-09-08
2024,655889,Manuel Rodríguez,R,R,1996-08-06,2021-07-30
2024,687847,Marc Church,R,R,2001-03-30,2024-09-28
2019,462136,Marco Estrada,R,R,1983-07-05,2008-08-20
2024,594835,Marco Gonzales,L,L,1992-02-16,2014-06-25
2022,650959,Marcos Diplán,R,R,1996-09-18,2021-08-06
2024,573186,Marcus Stroman,R,R,1991-05-01,2014-05-04
2020,519393,Marcus Walden,R,R,1988-09-13,2018-04-01
2022,571446,Mark Appel,R,R,1991-07-15,2022-06-29
2024,643410,Mark Leiter Jr.,R,R,1991-03-13,2017-04-28
2022,453343,Mark Melancon,R,R,1985-03-28,2009-04-26
2024,527048,Martín Pérez,L,L,1991-04-04,2012-06-27
2020,547888,Masahiro Tanaka,R,R,1988-11-01,2014-04-04
2024,696131,Mason Black,R,R,1999-12-10,2024-05-06
2024,669438,Mason Englert,R,S,1999-11-01,2023-03-30
2024,695243,Mason Miller,R,R,1998-08-24,2023-04-19
2024,682254,Mason Montgomery,L,L,2000-06-17,2024-09-05
2023,666168,Mason Thompson,R,R,1998-02-20,2021-06-22
2019,458006,Matt Albers,R,L,1983-01-20,2006-07-25
2024,542882,Matt Andriese,R,R,1989-08-28,2015-04-10
2024,598264,Matt Barnes,R,R,1990-06-17,2014-09-09
2024,621199,Matt Bowman,R,R,1991-05-31,2016-04-06
2023,666374,Matt Brash,R,R,1998-05-12,2022-04-12
2023,456713,Matt Bush,R,R,1986-02-08,2016-05-13
2024,571539,Matt Carasiti,R,R,1991-07-23,2016-08-12
2023,571616,Matt Dermody,L,R,1990-07-04,2016-09-03
2024,670036,Matt Festa,R,R,1993-03-11,2018-07-14
2024,641582,Matt Foster,R,R,1995-01-27,2020-08-01
2023,657424,Matt Gage,L,L,1993-02-11,2022-06-06
2020,594840,Matt Grace,L,L,1988-12-14,2015-04-22
2020,664180,Matt Hall,L,L,1993-07-23,2018-09-15
2021,518774,Matt Harvey,R,R,1989-03-27,2012-07-26
2024,571863,Matt Koch,R,L,1990-11-02,2016-09-09
2024,640454,Matt Krook,L,L,1994-10-21,2023-06-16
2020,543483,Matt Magill,R,R,1989-11-10,2013-04-27
2024,666159,Matt Manning,R,R,1998-01-28,2021-06-17
2024,519043,Matt Moore,L,L,1989-06-18,2011-09-14
2022,676840,Matt Peacock,R,R,1994-02-27,2021-04-06
2019,543677,Matt Ramsey,R,R,1989-09-24,2019-04-25
2024,669422,Matt Sauer,R,R,1999-01-21,2024-03-31
2021,533167,Matt Shoemaker,R,R,1986-09-27,2013-09-20
2024,621381,Matt Strahm,L,R,1991-11-12,2016-07-31
2022,664161,Matt Swarmer,R,R,1993-09-25,2022-05-30
2024,663362,Matt Waldron,R,R,1996-09-26,2023-06-24
2022,605538,Matt Wisler,R,R,1992-09-12,2015-06-19
2019,642226,Matt Wotherspoon,R,R,1991-10-06,2019-04-03
2024,571510,Matthew Boyd,L,L,1991-02-02,2015-06-27
2024,669461,Matthew Liberatore,L,L,1999-11-06,2022-05-21
2023,661440,Mauricio Llovera,R,R,1996-04-17,2020-09-06
2023,666721,Max Castillo,R,R,1999-05-04,2022-06-19
2024,608331,Max Fried,L,L,1994-01-18,2017-08-08
2022,668820,Max Kranick,R,R,1997-07-21,2021-06-27
2024,676661,Max Lazar,R,R,1999-06-03,2024-08-10
2024,676974,Max Meyer,R,L,1999-03-12,2022-07-16
2024,453286,Max Scherzer,R,R,1984-07-27,2008-04-29
2023,686842,McKinley Moore,R,R,1998-08-24,2023-04-10
2024,518876,Merrill Kelly,R,R,1988-10-14,2019-04-01
2019,518468,Michael Blazek,R,R,1989-03-16,2013-06-22
2022,593140,Michael Feliz,R,R,1993-06-28,2015-05-31
2023,605242,Michael Fulmer,R,R,1993-03-15,2016-04-29
2024,675627,Michael Grove,R,R,1996-12-18,2022-05-15
2024,547184,Michael Kelly,R,R,1992-09-06,2022-06-16
2024,650633,Michael King,R,R,1995-05-25,2019-09-27
2024,656629,Michael Kopech,R,R,1996-04-30,2018-08-21
2024,547179,Michael Lorenzen,R,R,1992-01-04,2015-04-29
2023,592527,Michael Mariot,R,R,1988-10-20,2014-04-11
2024,700241,Michael McGreevy,R,L,2000-07-08,2024-07-31
2024,675650,Michael Mercado,R,R,1999-04-15,2024-06-24
2024,656848,Michael Petersen,R,R,1994-05-16,2024-06-18
2022,501381,Michael Pineda,R,R,1989-01-18,2011-04-05
2023,674681,Michael Plassmeyer,L,L,1996-11-05,2022-08-23
2023,621074,Michael Rucker,R,R,1994-04-27,2021-07-30
2024,647336,Michael Soroka,R,R,1997-08-04,2018-05-01
2024,543859,Michael Tonkin,R,R,1989-11-19,2013-07-11
2024,608379,Michael Wacha,R,R,1991-07-01,2013-05-30
2022,673258,Michel Baez,R,R,1996-01-21,2019-07-23
2024,671305,Michel Otañez,R,R,1997-07-03,2024-06-10
2021,595263,Mickey Jannis,R,R,1987-12-16,2021-06-23
2021,620396,Miguel Aguilar,L,L,1991-09-26,2021-07-30
2024,612434,Miguel Castro,R,R,1994-12-24,2015-04-06
2021,600887,Miguel Del Pozo,L,L,1992-10-14,2019-08-20
2024,622766,Miguel Díaz,R,R,1994-11-28,2017-04-03
2022,667376,Miguel Sánchez,R,R,1993-12-31,2021-06-22
2022,664337,Miguel Yajure,R,R,1998-05-01,2020-08-31
2024,657508,Mike Baumann,R,R,1995-09-10,2021-09-07
2024,681347,Mike Burrows,R,R,1999-11-08,2024-09-28
2024,605182,Mike Clevinger,R,R,1990-12-21,2016-05-18
2019,445197,Mike Dunn,L,L,1985-05-23,2009-09-04
2021,571666,Mike Fiers,R,R,1985-06-15,2011-09-14
2021,592314,Mike Foltynewicz,R,R,1991-10-07,2014-08-02
2021,592464,Mike Kickham,L,L,1988-12-12,2013-05-28
2019,502190,Mike Leake,R,R,1987-11-12,2010-04-11
2023,594577,Mike Mayers,R,R,1991-12-06,2016-07-24
2022,501985,Mike Minor,L,R,1987-12-26,2010-08-09
2020,543557,Mike Montgomery,L,L,1989-07-01,2015-06-02
2020,573046,Mike Morin,R,R,1991-05-03,2014-04-30
2019,642067,Mike Shawaryn,R,R,1994-09-17,2019-06-07
2021,605541,Mike Wright Jr.,R,R,1990-01-03,2015-05-17
2024,571945,Miles Mikolas,R,R,1988-08-23,2012-05-05
2024,656605,Mitch Keller,R,R,1996-04-04,2019-05-27
2024,687765,Mitch Spence,R,R,1998-05-06,2024-03-29
2024,669952,Mitch White,R,R,1994-12-28,2020-08-28
2024,680730,Mitchell Parker,L,L,1999-09-27,2024-04-15
2019,657566,Montana DuRapau,R,R,1992-03-27,2019-05-09
2023,571710,Mychal Givens,R,R,1990-05-13,2015-06-24
2024,622503,Nabil Crismatt,R,R,1994-12-25,2020-08-17
2024,683822,Naoyuki Uwasawa,R,R,1994-02-06,2024-05-02
2022,663534,Nash Walters,R,R,1997-05-18,2022-10-05
2022,688010,Nate Fisher,L,L,1996-05-28,2022-08-21
2021,518858,Nate Jones,R,R,1986-01-28,2012-04-08
2019,501992,Nate Karns,R,R,1987-11-25,2013-05-28
2024,663878,Nate Pearson,R,R,1996-08-20,2020-07-29
2024,543135,Nathan Eovaldi,R,R,1990-02-13,2011-08-06
2021,491703,Neftalí Feliz,R,R,1988-05-02,2009-08-03
2019,519166,Neil Ramírez,R,R,1989-05-25,2014-04-25
2024,641482,Nestor Cortes,L,R,1994-12-10,2018-03-31
2023,656820,Nicholas Padilla,R,R,1996-12-24,2022-08-23
2021,680430,Nick Allgeyer,L,L,1996-02-03,2021-07-02
2024,623433,Nick Anderson,R,R,1990-07-05,2019-03-28
2024,687014,Nick Avila,R,R,1997-07-25,2024-04-01
2024,595897,Nick Burdi,R,R,1993-01-19,2018-09-11
2022,663975,Nick Duron,R,R,1996-01-30,2022-07-13
2020,580792,Nick Goody,R,R,1991-07-06,2015-07-30
2024,663321,Nick Hernandez,R,R,1994-12-30,2023-09-12
2019,592468,Nick Kingham,R,R,1991-11-08,2018-04-29
2024,666157,Nick Lodolo,L,L,1998-02-05,2022-04-13
2021,676606,Nick Margevicius,L,L,1996-06-18,2019-03-30
2024,607259,Nick Martinez,R,L,1990-08-05,2014-04-05
2024,683232,Nick Mears,R,R,1996-10-07,2020-08-08
2024,680897,Nick Nastrini,R,R,2000-02-18,2024-04-15
2022,663734,Nick Neidert,R,R,1996-11-20,2020-07-25
2024,656793,Nick Nelson,R,R,1995-12-05,2020-08-01
2024,601713,Nick Pivetta,R,R,1993-02-14,2017-04-30
2024,598286,Nick Ramirez,L,L,1989-08-01,2019-05-11
2024,687798,Nick Robertson,R,R,1998-07-16,2023-06-07
2019,592705,Nick Rumbelow,R,R,1991-09-06,2015-06-23
2024,680704,Nick Sandlin,R,R,1997-01-10,2021-05-01
2022,676766,Nick Snyder,R,R,1995-10-10,2021-08-21
2021,607374,Nick Tropeano,R,R,1990-08-27,2014-09-10
2024,663989,Nick Vespi,L,L,1995-10-10,2022-05-20
2021,543883,Nick Vincent,R,R,1986-07-12,2012-06-26
2023,621295,Nick Wittgren,R,R,1991-05-29,2016-04-19
2020,543867,Nik Turley,L,L,1989-09-11,2017-06-11
2021,670550,Nivaldo Rodriguez,R,R,1997-04-16,2020-07-28
2024,663562,Noah Davis,R,R,1997-04-22,2022-10-05
2023,592789,Noah Syndergaard,R,L,1992-08-29,2015-05-12
2022,650204,Norge Ruiz,R,R,1994-03-15,2022-08-19
2022,598287,Noé Ramirez,R,R,1989-12-22,2015-07-03
2019,628333,Odrisamer Despaigne,R,R,1987-04-04,2014-06-23
2020,543118,Oliver Drake,R,R,1987-01-13,2015-05-23
2023,661383,Oliver Ortega,R,R,1996-10-02,2021-09-08
2022,424144,Oliver Pérez,L,L,1981-08-15,2002-06-16
2024,689147,Orion Kerkering,R,R,2001-04-04,2023-09-24
2024,687377,Orlando Ribalta,R,R,1998-03-05,2024-08-13
2024,674370,Osvaldo Bido,R,R,1995-10-18,2023-06-14
2024,669391,Owen White,R,R,1999-08-09,2023-06-13
2024,641154,Pablo López,R,L,1996-03-07,2018-06-30
2023,676050,Packy Naughton,L,R,1996-04-16,2021-08-08
2024,502179,Paolo Espino,R,R,1987-01-10,2017-05-19
2024,670161,Parker Dunshee,R,R,1995-02-12,2024-08-08
2022,571917,Parker Markel,R,R,1990-09-15,2019-05-12
2024,656786,Parker Mushinski,L,L,1995-11-22,2022-04-17
2019,450212,Pat Neshek,R,S,1980-09-04,2006-07-07
2020,519381,Pat Venditte,S,L,1985-06-30,2015-06-05
2024,571578,Patrick Corbin,L,L,1989-07-19,2012-04-30
2022,641907,Patrick Murphy,R,R,1995-06-10,2020-09-18
2024,663776,Patrick Sandoval,L,L,1996-10-18,2019-08-05
2021,622256,Patrick Weigel,R,R,1994-07-08,2020-09-04
2024,621112,Paul Blackburn,R,R,1993-12-04,2017-07-01
2021,669294,Paul Campbell,R,L,1995-07-26,2021-04-03
2022,643316,Paul Fry,L,L,1992-07-26,2018-06-29
2024,623149,Paul Sewald,R,R,1990-05-26,2017-04-08
2024,694973,Paul Skenes,R,R,2002-05-29,2024-05-11
2019,606478,Pedro Araújo,R,R,1993-07-02,2018-03-31
2024,658648,Pedro Avila,R,R,1997-01-14,2019-04-11
2022,520980,Pedro Báez,R,R,1988-03-11,2014-05-05
2019,622797,Pedro Payano,R,R,1994-09-27,2019-07-06
2021,467008,Pedro Strop,R,R,1985-06-13,2009-08-28
2023,682171,Penn Murfee,R,R,1994-05-02,2022-04-29
2024,664126,Pete Fairbanks,R,R,1993-12-16,2019-06-09
2024,663567,Peter Lambert,R,R,1997-04-18,2019-06-06
2023,656981,Peter Solomon,R,R,1996-08-16,2021-04-18
2024,657265,Peter Strzelecki,R,R,1994-10-24,2022-06-02
2023,685410,Peyton Battenfield,R,R,1997-08-10,2023-04-12
2024,641360,Phil Bickford,R,R,1995-07-10,2020-09-01
2024,664208,Phil Maton,R,R,1993-03-25,2017-06-11
2022,670426,Phillip Diehl,L,L,1994-07-16,2019-06-11
2022,570488,Phillips Valdez,R,R,1991-11-16,2019-06-08
2022,676637,Phoenix Sanders,R,R,1995-06-05,2022-04-14
2024,572955,Pierce Johnson,R,R,1991-05-10,2017-05-19
2024,687863,Porter Hodge,R,R,2001-02-21,2024-05-22
2024,672860,Prelander Berroa,R,R,2000-04-18,2023-07-21
2021,543258,Preston Guilmet,R,R,1987-07-27,2013-07-10
2024,682990,Quinn Priester,R,R,2000-09-16,2023-07-17
2021,595798,R.J. Alaniz,R,R,1991-06-14,2019-04-12
2022,571439,R.J. Alvarez,R,R,1991-06-08,2014-09-03
2021,503569,Rafael Dolis,R,R,1988-01-10,2011-09-26
2024,606160,Rafael Montero,R,R,1990-10-17,2014-05-14
2024,628452,Raisel Iglesias,R,R,1990-01-04,2015-04-12
2022,621248,Ralph Garza Jr.,R,R,1994-04-06,2021-05-29
2021,665759,Ramón Rosso,R,R,1996-06-09,2020-07-24
2024,677976,Randy Dobnak,R,R,1995-01-17,2019-08-09
2024,678495,Randy Rodríguez,R,R,1999-09-05,2024-05-04
2020,600968,Randy Rosario,L,L,1994-05-18,2017-06-02
2024,681190,Randy Vásquez,R,R,1998-11-03,2023-05-26
2023,691094,Randy Wynne,R,R,1993-03-09,2023-06-25
2024,624133,Ranger Suarez,L,L,1995-08-26,2018-07-26
2020,605143,Ray Black,R,R,1990-06-26,2018-07-08
2024,678061,Ray Kerr,L,L,1994-09-10,2022-04-24
2024,670103,Raymond Burgos,L,L,1998-11-29,2024-06-24
2022,642659,Raynel Espinal,R,R,1991-10-06,2021-08-30
2024,657585,Reed Garrett,R,R,1993-01-02,2019-03-29
2024,681857,Reese Olson,R,R,1999-07-31,2023-06-02
2020,596035,Reggie McClain,R,R,1992-11-16,2019-08-02
2024,672282,Reid Detmers,L,L,1999-07-08,2021-08-01
2023,663753,Reiss Knehr,R,L,1996-11-03,2021-07-09
2023,665665,Reiver Sanmartin,L,L,1996-04-15,2021-09-27
2021,571521,Rex Brothers,L,L,1987-12-18,2011-06-06
2023,606625,Reyes Moronta,R,R,1993-01-06,2017-09-05
2021,594056,Reymin Guduan,L,L,1992-03-16,2017-05-31
2024,625643,Reynaldo López,R,R,1994-01-04,2016-07-19
2024,695076,Rhett Lowder,R,R,2002-03-08,2024-08-30
2024,620982,Ricardo Pinto,R,R,1994-01-20,2017-05-31
2020,645307,Ricardo Sánchez,L,L,1997-04-11,2020-08-17
2024,448179,Rich Hill,L,L,1980-03-11,2005-06-15
2023,542947,Richard Bleier,L,L,1987-04-16,2016-05-30
2024,690916,Richard Fitts,R,R,1999-12-17,2024-09-08
2024,663992,Richard Lovelady,L,L,1995-07-07,2019-04-09
2021,593144,Richard Rodríguez,R,R,1990-03-04,2017-09-02
2020,519144,Rick Porcello,R,R,1988-12-27,2009-04-09
2023,676689,Ricky Karcher,R,R,1997-09-18,2023-06-12
2024,676568,Ricky Vanasco,R,R,1998-10-13,2024-04-15
2023,670329,Rico Garcia,R,R,1994-01-10,2019-08-27
2024,676617,Riley O'Brien,R,R,1995-02-06,2021-09-28
2024,666207,Riley Pint,R,R,1997-11-06,2023-05-17
2021,642092,Riley Smith,R,R,1995-01-15,2020-08-26
2024,689981,River Ryan,R,R,1998-08-17,2024-07-22
2024,672710,Roansy Contreras,R,R,1999-11-07,2021-09-29
2020,641739,Rob Kaminsky,L,R,1994-09-02,2020-08-16
2024,642239,Rob Zastryzny,L,R,1992-03-26,2016-08-19
2022,572362,Robbie Erlin,L,R,1990-10-08,2013-04-30
2024,592662,Robbie Ray,L,L,1991-10-01,2014-05-06
2019,582494,Robby Scott,L,R,1989-08-29,2016-09-02
2022,667498,Robert Dugger,R,R,1995-07-03,2019-08-05
2024,676395,Robert Garcia,L,R,1996-06-14,2023-07-14
2024,688107,Robert Gasser,L,L,1999-05-31,2024-05-10
2022,607229,Robert Gsellman,R,R,1993-07-18,2016-08-23
2023,596112,Robert Stephenson,R,R,1993-02-24,2016-04-07
2021,476594,Robert Stock,R,L,1989-11-21,2018-06-24
2024,663158,Robert Suarez,R,R,1991-03-01,2022-04-07
2020,532077,Roberto Osuna,R,R,1995-02-07,2015-04-08
2020,622490,Robinson Leyer,R,R,1993-03-13,2020-08-31
2024,682610,Roddery Muñoz,R,R,2000-04-14,2024-04-20
2021,641995,Roel Ramírez,R,R,1995-05-26,2020-08-16
2022,606273,Roenis Elías,L,L,1988-08-01,2014-04-03
2019,660494,Rogelio Armenteros,R,R,1994-06-30,2019-06-14
2024,676760,Ron Marinaccio,R,R,1995-07-01,2022-04-09
2022,671790,Ronald Bolaños,R,R,1996-08-23,2019-09-03
2022,608597,Ronald Guzmán,L,L,1994-10-20,2018-04-13
2024,669854,Ronel Blanco,R,R,1993-08-31,2022-04-08
2024,678692,Ronny Henriquez,R,R,2000-06-20,2022-09-19
2022,665621,Rony García,R,R,1997-12-19,2020-07-28
2019,606959,Rookie Davis,R,R,1993-04-29,2017-04-06
2022,446321,Ross Detwiler,L,R,1986-03-06,2007-09-07
2024,548389,Ross Stripling,R,R,1989-11-23,2016-04-08
2022,592858,Rowan Wick,R,L,1992-11-09,2018-08-31
2024,621366,Ryan Borucki,L,L,1994-03-31,2018-06-26
2024,518489,Ryan Brasier,R,R,1987-08-26,2013-05-02
2021,488748,Ryan Buchter,L,L,1987-02-13,2014-06-20
2024,621114,Ryan Burr,R,R,1994-05-28,2018-08-23
2019,543001,Ryan Carpenter,L,L,1990-08-22,2018-04-01
2022,624418,Ryan Castellani,R,R,1996-04-01,2020-08-08
2019,623430,Ryan Dull,R,R,1989-10-02,2015-09-01
2019,592280,Ryan Eades,R,R,1991-12-15,2019-06-08
2019,456387,Ryan Feierabend,L,L,1985-08-22,2006-09-13
2024,663372,Ryan Feltner,R,R,1996-09-02,2021-09-05
2024,681676,Ryan Fernandez,R,R,1998-06-11,2024-04-03
2019,623439,Ryan Garton,R,R,1989-12-05,2016-05-26
2021,670057,Ryan Hartman,L,L,1994-04-21,2021-06-30
2024,664854,Ryan Helsley,R,R,1994-07-18,2019-04-16
2022,641682,Ryan Hendrix,R,R,1994-12-16,2021-04-23
2024,702795,Ryan Loutos,R,R,1999-01-29,2024-06-01
2021,664682,Ryan Meisinger,R,R,1994-05-04,2018-06-29
2024,668943,Ryan Miller,R,R,1996-03-28,2024-08-27
2019,594951,Ryan O'Rourke,L,R,1988-04-30,2015-07-07
2024,686752,Ryan Pepiot,R,R,1997-08-21,2022-05-11
2024,519151,Ryan Pressly,R,R,1988-12-15,2013-04-04
2023,595411,Ryan Sherriff,L,L,1990-05-25,2017-08-25
2023,572193,Ryan Tepera,R,R,1987-11-03,2015-05-10
2024,657044,Ryan Thompson,R,R,1992-06-26,2020-07-24
2024,676254,Ryan Walker,R,R,1995-11-26,2023-05-21
2024,677960,Ryan Weathers,L,R,1999-12-17,2020-10-06
2023,543901,Ryan Weber,R,R,1990-08-12,2015-09-08
2024,642232,Ryan Yarbrough,L,R,1991-12-31,2018-03-31
2024,666171,Ryan Zeferjahn,R,R,1998-02-28,2024-08-25
2024,656924,Ryder Ryan,R,R,1995-05-11,2023-08-11
2021,607560,Ryne Harper,R,R,1989-03-27,2019-03-31
2024,669194,Ryne Nelson,R,R,1998-02-01,2022-09-05
2024,592773,Ryne Stanek,R,R,1991-07-26,2017-05-14
2021,607219,Sal Romano,R,L,1993-10-12,2017-04-16
2024,691951,Sam Aldegheri,L,L,2001-09-19,2024-08-30
2023,696147,Sam Bachman,R,R,1999-09-30,2023-05-26
2022,621348,Sam Clay,L,L,1993-06-21,2021-04-07
2023,656322,Sam Coonrod,R,R,1992-09-22,2019-05-26
2019,473879,Sam Dyson,R,R,1988-05-07,2012-07-05
2020,518693,Sam Freeman,L,R,1987-06-24,2012-06-01
2020,543208,Sam Gaviglio,R,R,1990-05-22,2017-05-11
2024,656529,Sam Hentges,L,L,1996-07-18,2021-04-20
2022,607572,Sam Howard,L,R,1993-03-05,2018-06-10
2024,669674,Sam Long,L,L,1995-07-08,2021-06-09
2024,594580,Sam Moll,L,L,1992-01-03,2017-09-01
2022,572125,Sam Selman,L,R,1990-11-14,2019-08-01
2019,592815,Sam Tuivailala,R,R,1992-10-19,2014-09-09
2024,671111,Sammy Peralta,L,L,1998-05-10,2023-05-04
2023,645261,Sandy Alcantara,R,R,1995-09-07,2017-09-03
2019,622783,Sandy Báez,R,R,1993-11-25,2018-06-04
2023,687830,Sawyer Gipson-Long,R,R,1997-12-12,2023-09-10
2024,518397,Scott Alexander,L,L,1989-07-10,2015-09-02
2024,605130,Scott Barlow,R,R,1992-12-18,2018-04-30
2024,656240,Scott Blewett,R,R,1996-04-10,2020-09-18
2024,664123,Scott Effross,R,R,1993-12-28,2021-08-29
2021,431148,Scott Kazmir,L,L,1984-01-24,2004-08-23
2024,543518,Scott McGough,R,R,1989-10-31,2015-08-20
2019,623184,Scott Oberg,R,R,1990-03-13,2015-04-14
2024,680732,Sean Burke,R,R,1999-12-18,2024-09-10
2022,448281,Sean Doolittle,L,L,1986-09-26,2012-06-05
2020,543219,Sean Gilmartin,L,L,1990-05-08,2015-04-10
2024,674944,Sean Guenther,L,L,1995-12-29,2021-08-04
2024,663546,Sean Hjelle,R,R,1997-05-07,2022-05-06
2024,640455,Sean Manaea,L,R,1992-02-01,2016-04-29
2024,656794,Sean Newcomb,L,L,1993-06-12,2017-06-10
2023,543594,Sean Nolin,L,L,1989-12-26,2013-05-24
2022,664092,Sean Poppen,R,R,1994-03-15,2019-06-19
2024,656887,Sean Reid-Foley,R,R,1995-08-30,2018-08-13
2024,669308,Sean Reynolds,R,L,1998-04-19,2024-07-14
2024,622554,Seranthony Domínguez,R,R,1994-11-25,2018-05-07
2022,489265,Sergio Romo,R,R,1983-03-04,2008-06-26
2021,676220,Seth Elledge,R,R,1996-05-20,2020-08-16
2021,571676,Seth Frankoff,R,R,1988-08-27,2017-06-09
2024,678020,Seth Halvorsen,R,R,2000-02-18,2024-08-30
2024,686751,Seth Johnson,R,R,1998-09-19,2024-09-08
2024,607625,Seth Lugo,R,R,1989-11-17,2016-07-01
2024,661527,Seth Martinez,R,R,1994-08-29,2021-09-20
2020,656913,Seth Romero,L,L,1996-04-19,2020-08-13
2019,493200,Seunghwan Oh,R,R,1982-07-15,2016-04-03
2024,669358,Shane Baz,R,R,1999-06-17,2021-09-20
2024,669456,Shane Bieber,R,R,1995-05-31,2018-05-31
2019,641438,Shane Carle,R,R,1991-08-30,2017-04-14
2023,572888,Shane Greene,R,R,1988-11-17,2014-04-24
2023,663556,Shane McClanahan,L,L,1997-04-28,2020-10-05
2024,641312,Shaun Anderson,R,R,1994-10-29,2019-05-15
2024,542888,Shawn Armstrong,R,R,1990-09-11,2015-08-08
2024,681869,Shawn Dubin,R,R,1995-09-06,2023-06-19
2019,518875,Shawn Kelley,R,R,1984-04-26,2009-04-10
2021,596049,Shawn Morimando,L,L,1992-11-20,2016-07-02
2021,665661,Shea Spitzbarth,R,R,1994-10-04,2021-08-02
2024,571946,Shelby Miller,R,R,1990-10-10,2012-09-05
2023,660261,Shintaro Fujinami,R,R,1994-04-12,2023-04-01
2024,684007,Shota Imanaga,L,L,1993-09-01,2024-04-01
2020,685493,Shun Yamaguchi,R,R,1987-07-11,2020-07-26
2023,611093,Silvino Bracho,R,R,1992-07-17,2015-08-30
2024,680573,Simeon Woods Richardson,R,R,2000-09-27,2022-10-02
2024,664350,Sixto Sánchez,R,R,1998-07-29,2020-08-22
2024,677944,Slade Cecconi,R,R,1999-06-24,2023-08-02
2024,543243,Sonny Gray,R,R,1989-11-07,2013-07-10
2024,681293,Spencer Arrighetti,R,R,2000-01-02,2024-04-10
2024,702352,Spencer Bivens,R,R,1994-06-28,2024-06-16
2024,675921,Spencer Howard,R,R,1996-07-28,2020-08-09
2023,607359,Spencer Patton,R,R,1988-02-20,2014-09-04
2024,680885,Spencer Schwellenbach,R,R,2000-05-31,2024-05-29
2024,675911,Spencer Strider,R,R,1998-10-28,2021-10-01
2024,605513,Spencer Turnbull,R,R,1992-09-18,2018-09-14
2023,657093,Spenser Watkins,R,R,1992-08-27,2021-07-02
2021,592233,Stefan Crichton,R,R,1992-02-29,2017-04-16
2021,624427,Stephen Gonsalves,L,L,1994-07-08,2018-08-20
2024,663568,Stephen Kolek,R,R,1997-04-18,2024-03-21
2023,668665,Stephen Nogosek,R,R,1995-01-11,2019-06-19
2021,670050,Stephen Ridings,R,R,1995-08-14,2021-08-03
2022,544931,Stephen Strasburg,R,R,1988-07-20,2010-06-08
2021,605501,Stephen Tarpley,L,R,1993-02-17,2018-09-02
2020,643532,Sterling Sharp,R,R,1995-05-30,2020-08-05
2022,518553,Steve Cishek,R,R,1986-06-18,2010-09-26
2022,643230,Steven Brault,L,L,1992-04-29,2016-07-05
2024,674444,Steven Cruz,R,R,1999-06-15,2023-08-29
2024,571927,Steven Matz,L,R,1991-05-29,2015-06-28
2024,595345,Steven Okert,L,L,1991-07-09,2016-04-19
2024,621051,Steven Wilson,R,R,1994-08-24,2022-04-09
2019,453214,Steven Wright,R,R,1984-08-30,2013-04-23
2024,519008,T.J. McFarland,L,L,1989-06-08,2013-04-06
2022,643615,T.J. Zeuch,R,R,1995-08-01,2019-09-03
2024,592836,Taijuan Walker,R,R,1992-08-13,2013-08-30
2024,671737,Taj Bradley,R,R,2001-03-20,2023-04-12
2021,664196,Tanner Anderson,R,R,1993-05-27,2018-07-02
2024,621383,Tanner Banks,L,R,1991-10-24,2022-04-10
2024,676440,Tanner Bibee,R,R,1999-03-05,2023-04-26
2024,685299,Tanner Gordon,R,L,1997-10-26,2024-07-07
2024,656557,Tanner Houck,R,R,1996-06-29,2020-09-15
2024,663432,Tanner Rainey,R,R,1992-12-25,2018-04-10
2021,543699,Tanner Roark,R,R,1986-10-05,2013-08-07
2024,656945,Tanner Scott,L,R,1994-07-22,2017-09-20
2022,668684,Tanner Tully,L,L,1994-11-30,2022-04-22
2024,669373,Tarik Skubal,L,R,1996-11-20,2020-08-18
2024,642048,Tayler Saucedo,L,L,1993-06-18,2021-06-17
2024,605463,Tayler Scott,R,R,1992-06-01,2019-06-08
2023,664199,Taylor Clarke,R,R,1993-05-13,2019-04-20
2019,518566,Taylor Cole,R,R,1989-08-20,2017-08-09
2019,605260,Taylor Guerrieri,R,R,1992-12-01,2018-09-01
2020,607555,Taylor Guilbeau,L,L,1993-05-12,2019-08-17
2023,621368,Taylor Hearn,L,L,1994-08-30,2019-04-25
2024,573124,Taylor Rogers,L,L,1990-12-17,2016-04-14
2022,642203,Taylor Widener,R,L,1994-10-24,2020-07-25
2021,592865,Taylor Williams,R,S,1991-07-21,2017-09-06
2024,622088,Tejay Antone,R,R,1993-12-05,2020-07-27
2023,663658,Thaddeus Ward,R,R,1997-01-16,2023-04-01
2021,664045,Thomas Eshelman,R,R,1994-06-20,2019-07-01
2023,641672,Thomas Hatch,R,R,1994-09-29,2020-07-26
2023,623381,Thomas Pannone,L,L,1994-04-28,2018-08-10
2022,663378,Thomas Szapucki,L,R,1996-06-12,2021-06-30
2024,600986,Thyago Vieira,R,R,1993-01-07,2017-08-14
2019,525768,Tim Collins,L,L,1989-08-21,2011-03-31
2024,682120,Tim Herrin,L,L,1996-10-08,2023-04-02
2024,657612,Tim Hill,L,R,1990-02-10,2018-03-29
2024,641835,Tim Mayza,L,L,1992-01-15,2017-08-15
2019,543532,Tim Melville,R,R,1989-10-09,2016-04-10
2019,623402,Tim Peterson,R,R,1991-02-22,2018-05-30
2024,668964,Tobias Myers,R,R,1998-08-05,2024-04-23
2024,676680,Tom Cosgrove,L,L,1996-06-14,2023-04-29
2023,656382,Tommy Doyle,R,R,1996-05-01,2020-09-23
2024,674072,Tommy Henry,L,L,1997-07-29,2022-08-03
2023,488984,Tommy Hunter,R,R,1986-07-03,2008-08-01
2024,592454,Tommy Kahnle,R,R,1989-08-07,2014-04-03
2023,543548,Tommy Milone,L,L,1987-02-16,2011-09-03
2024,667297,Tommy Nance,R,R,1991-03-19,2021-05-17
2022,676720,Tommy Romero,R,R,1997-07-08,2022-04-12
2019,501817,Tony Barnette,R,R,1983-11-09,2016-04-05
2023,664062,Tony Gonsolin,R,R,1994-05-14,2019-06-26
2024,663574,Tony Santillan,R,R,1997-04-15,2021-06-13
2019,448609,Tony Sipp,L,L,1983-07-12,2009-04-22
2021,453265,Tony Watson,L,L,1985-05-30,2011-06-08
2024,657053,Touki Toussaint,R,R,1996-06-20,2018-08-13
2021,664157,Travis Bergen,L,L,1993-10-08,2019-03-29
2022,664042,Travis Lakins,R,R,1994-06-29,2019-04-23
2024,663423,Trent Thornton,R,R,1993-09-30,2019-03-31
2021,545333,Trevor Bauer,R,R,1991-01-17,2012-06-28
2021,502239,Trevor Cahill,R,R,1988-03-01,2009-04-07
2023,641627,Trevor Gott,R,R,1992-08-26,2015-06-14
2021,657610,Trevor Hildenberger,R,R,1990-12-15,2017-06-23
2023,665001,Trevor Kelley,R,R,1992-10-20,2019-07-02
2023,543507,Trevor May,R,R,1989-09-23,2014-08-09
2024,686790,Trevor McDonald,R,R,2001-02-26,2024-09-29
2024,656730,Trevor Megill,R,L,1993-12-05,2021-04-26
2024,670950,Trevor Richards,R,R,1993-05-15,2018-04-02
2024,669432,Trevor Rogers,L,L,1997-11-13,2020-08-25
2020,572096,Trevor Rosenthal,R,R,1990-05-29,2012-07-18
2023,663986,Trevor Stephan,R,R,1995-11-25,2021-04-03
2024,592866,Trevor Williams,R,R,1992-04-25,2016-09-07
2024,622259,Trey Wingenter,R,R,1994-04-15,2018-08-07
2024,663941,Tristan Beck,R,R,1996-06-24,2023-04-20
2024,663474,Triston McKenzie,R,R,1997-08-02,2020-08-22
2024,700187,Troy Taylor,R,R,2001-09-09,2024-08-11
2024,656353,Tucker Davidson,L,L,1996-03-25,2020-09-26
2024,686654,Ty Adcock,R,R,1997-02-07,2023-06-12
2024,621389,Ty Blach,L,R,1990-10-20,2016-09-05
2020,621142,Ty Buttrey,R,L,1993-03-31,2018-08-16
2024,680744,Ty Madden,R,R,2000-02-21,2024-08-26
2021,676709,Ty Tice,R,L,1996-07-04,2021-04-09
2024,641302,Tyler Alexander,L,R,1994-07-14,2019-07-03
2024,542881,Tyler Anderson,L,L,1989-12-30,2016-06-12
2020,641341,Tyler Bashlor,R,R,1993-04-16,2018-06-25
2024,595881,Tyler Beede,R,R,1993-05-23,2018-04-10
2021,543022,Tyler Chatwood,R,R,1989-12-16,2011-04-11
2022,461325,Tyler Clippard,R,R,1985-02-14,2007-05-20
2023,664202,Tyler Cyr,R,R,1993-05-05,2022-08-21
2022,641501,Tyler Danish,R,R,1994-09-12,2016-06-11
2024,608648,Tyler Duffey,R,R,1990-12-27,2015-08-05
2024,621053,Tyler Ferguson,R,R,1993-10-05,2024-05-07
2024,656457,Tyler Gilbert,L,L,1993-12-22,2021-08-03
2024,607192,Tyler Glasnow,R,L,1993-08-23,2016-07-07
2024,663947,Tyler Holton,L,L,1996-06-13,2022-04-28
2021,663959,Tyler Ivey,R,R,1996-05-12,2021-05-21
2024,664079,Tyler Jay,L,L,1994-04-19,2024-04-11
2024,641755,Tyler Kinley,R,R,1991-01-31,2018-04-07
2020,544928,Tyler Lyons,L,L,1988-02-21,2013-05-22
2024,641816,Tyler Mahle,R,R,1994-09-29,2017-08-27
2024,554431,Tyler Matzek,L,L,1990-10-19,2014-06-11
2023,571980,Tyler Naquin,R,L,1991-04-24,2016-04-05
2019,621397,Tyler Olson,L,R,1989-10-02,2015-04-07
2024,663969,Tyler Phillips,R,R,1997-10-27,2024-07-07
2024,643511,Tyler Rogers,R,R,1990-12-17,2019-08-27
2019,572140,Tyler Skaggs,L,L,1991-07-13,2012-08-22
2022,592804,Tyler Thornburg,R,R,1988-09-29,2012-06-19
2021,643778,Tyler Webb,L,L,1990-07-20,2017-06-24
2024,669330,Tyler Wells,R,R,1994-08-26,2021-04-04
2024,676604,Tyler Zuber,R,R,1995-06-16,2020-07-24
2024,656731,Tylor Megill,R,R,1995-07-28,2021-06-23
2019,594027,Tyron Guerrero,R,R,1991-01-09,2016-05-17
2024,668338,Tyson Miller,R,R,1995-07-29,2020-08-17
2019,475115,Tyson Ross,R,R,1987-04-22,2010-04-07
2024,678368,Valente Bellozo,R,R,2000-01-04,2024-06-26
2019,622505,Victor Alcántara,R,R,1993-04-03,2017-09-05
2024,624647,Victor González,L,L,1995-11-16,2020-07-31
2024,682989,Victor Mederos,R,R,2001-06-08,2023-06-30
2024,680767,Victor Vodnik,R,R,1999-10-09,2023-09-09
2023,592826,Vince Velasquez,R,R,1992-06-07,2015-06-10
2024,657697,Vinny Nittoli,R,R,1990-11-11,2021-06-23
2024,661269,Vladimir Gutierrez,R,R,1995-09-18,2021-05-28
2022,644364,Víctor Arano,R,R,1995-02-07,2017-09-12
2021,451584,Wade Davis,R,R,1985-09-07,2009-09-06
2021,453281,Wade LeBlanc,L,L,1984-08-07,2008-09-03
2024,489119,Wade Miley,L,L,1986-11-13,2011-08-20
2024,621111,Walker Buehler,R,R,1994-07-28,2017-09-07
2020,621141,Walker Lockett,R,R,1994-05-03,2018-06-01
2024,679156,Walter Pennington,L,L,1998-04-14,2024-07-05
2024,593833,Wander Suero,R,R,1991-09-15,2018-05-01
2024,593974,Wandy Peralta,L,L,1991-07-27,2016-09-04
2019,658791,Wei-Chieh Huang,R,R,1993-09-26,2019-04-23
2019,623913,Wei-Chung Wang,L,L,1992-04-25,2014-04-14
2019,612672,Wei-Yin Chen,L,R,1985-07-21,2012-04-10
2021,605138,Wes Benjamin,L,R,1993-07-26,2020-08-16
2024,641149,Wes Parsons,R,R,1992-09-06,2018-08-09
2023,640444,Wil Crowe,R,R,1994-09-09,2020-08-22
2021,501789,Will Harris,R,R,1984-08-28,2012-08-13
2024,694361,Will Klein,R,R,1999-11-28,2024-04-28
2024,519293,Will Smith,L,R,1989-07-10,2012-05-23
2024,676684,Will Vest,R,R,1995-06-06,2021-04-01
2024,701542,Will Warren,R,R,1999-06-16,2024-07-30
2022,682016,William Woods,R,R,1998-12-29,2022-04-27
2019,605301,Williams Jerez,L,L,1992-05-16,2018-08-07
2020,521655,Wilmer Font,R,R,1990-05-24,2012-09-18
2022,503449,Wily Peralta,R,R,1989-05-08,2012-04-22
2022,670090,Wyatt Mills,R,R,1995-01-25,2021-05-01
2019,458584,Xavier Cedeño,L,L,1986-08-26,2011-09-16
2024,675540,Xzavion Curry,R,R,1998-07-27,2022-08-15
2023,605441,Yacksel Ríos,R,R,1993-06-27,2017-08-22
2024,684320,Yariel Rodríguez,R,R,1997-03-10,2024-04-13
2021,606162,Yefry Ramírez,R,R,1993-11-28,2018-06-13
2024,622075,Yency Almonte,R,R,1994-06-04,2018-06-21
2024,666974,Yennier Cano,R,R,1994-03-09,2022-05-11
2021,660546,Yennsy Díaz,R,R,1996-11-15,2019-08-04
2023,660787,Yerry De los Santos,R,R,1997-12-12,2022-05-25
2024,666720,Yerry Rodríguez,R,R,1997-10-15,2022-10-05
2024,700270,Yilber Díaz,R,R,2000-08-19,2024-07-08
2024,554340,Yimi García,R,R,1990-08-18,2014-09-01
2022,661255,Yoan López,R,R,1993-01-02,2018-09-09
2024,672782,Yoendrys Gómez,R,R,1999-10-15,2023-09-28
2024,670990,Yohan Ramírez,R,R,1995-05-06,2020-07-24
2019,622795,Yohander Méndez,L,L,1995-01-17,2016-09-05
2024,630023,Yonny Chirinos,R,R,1993-12-26,2018-04-01
2020,673633,Yoshihisa Hirano,R,R,1984-03-08,2018-03-29
2024,808967,Yoshinobu Yamamoto,R,R,1998-08-17,2024-03-21
2024,691172,Yosver Zulueta,R,R,1998-01-23,2024-06-25
2024,506433,Yu Darvish,R,R,1986-08-16,2012-04-09
2024,673513,Yuki Matsui,L,L,1995-10-30,2024-03-20
2024,628708,Yunior Marte,R,R,1995-02-02,2022-04-12
2024,579328,Yusei Kikuchi,L,L,1991-06-17,2019-03-21
2021,433589,Yusmeiro Petit,R,R,1984-11-22,2006-05-14
2024,668678,Zac Gallen,R,R,1995-08-03,2019-06-20
2020,665093,Zac Grotz,R,R,1993-02-17,2019-08-02
2024,670219,Zac Kristofak,R,R,1997-12-08,2024-04-28
2022,675912,Zac Lowther,L,L,1996-04-30,2021-04-25
2019,643617,Zac Reininger,R,S,1993-01-28,2017-08-27
2021,573127,Zac Rosscup,L,R,1988-06-09,2013-09-03
2024,694350,Zach Brzykcy,R,R,1999-07-12,2024-09-01
2023,605200,Zach Davies,R,R,1993-02-07,2015-09-02
2019,435043,Zach Duke,L,L,1983-04-19,2005-07-02
2024,621107,Zach Eflin,R,R,1994-04-08,2016-06-14
2023,667427,Zach Jackson,R,R,1994-12-25,2022-04-09
2024,656657,Zach Logue,L,L,1996-04-23,2022-04-19
2023,502083,Zach McAllister,R,R,1987-12-08,2011-07-07
2023,669105,Zach Muckenhirn,L,L,1995-02-27,2023-05-03
2023,594943,Zach Neal,R,R,1988-11-09,2016-05-11
2024,683068,Zach Penrod,L,L,1997-06-16,2024-09-14
2024,668676,Zach Plesac,R,R,1995-01-21,2019-05-28
2024,647315,Zach Pop,R,R,1996-09-20,2021-04-03
2022,605507,Zach Thompson,R,R,1993-10-23,2021-06-07
2022,502154,Zack Britton,L,L,1987-12-22,2011-04-03
2023,641420,Zack Burdi,R,R,1995-03-09,2020-08-08
2021,643327,Zack Godley,R,R,1990-04-21,2015-07-23
2023,425844,Zack Greinke,R,R,1983-10-21,2004-05-22
2024,677161,Zack Kelly,R,R,1995-03-03,2022-08-29
2024,641793,Zack Littell,R,R,1995-10-05,2018-06-05
2024,668868,Zack Thompson,L,L,1997-10-28,2022-06-03
2023,592848,Zack Weiss,R,R,1992-06-16,2018-04-12
2024,554430,Zack Wheeler,R,L,1990-05-30,2013-06-18
2024,805673,Zebby Matthews,R,R,2000-05-22,2024-08-13
